licence_numbers,business_name,name_of_license,premise_address
B02008E000,SHENG SIONG SUPERMARKET,SHENG SIONG SUPERMARKET PTE LTD,"845 YISHUN STREET 81 #01-184, S(760845)"
B02011P000,GIANT,COLD STORAGE SINGAPORE (1983) PTE LTD,"524A JELAPANG ROAD #03-13/18, GREENRIDGE SHOPPING CENTRE S(671524)"
B02012N000,COLD STORAGE,COLD STORAGE SINGAPORE (1983) PTE LTD,"768 WOODLANDS AVENUE 6 #01-34, WOODLANDS MART S(730768)"
B02015J000,SHENG SIONG SUPERMARKET,SHENG SIONG SUPERMARKET PTE LTD,"122 ANG MO KIO AVENUE 3 #01-1753,#01-1757,#01-1755, S(560122)"
B02017C000,SHENG SIONG SUPERMARKET,SHENG SIONG SUPERMARKET PTE LTD,"301 WOODLANDS STREET 31 #01-217, S(730301)"
B02020N000,FAIRPRICE,NTUC FAIRPRICE CO-OPERATIVE LTD,"1 JELEBU ROAD #02-20,#01-15, BUKIT PANJANG PLAZA S(677743)"
B02021L000,FAIRPRICE,NTUC FAIRPRICE CO-OPERATIVE LTD,"30 SEMBAWANG DRIVE #B1-01-03, SUN PLAZA S(757713)"
B02022K000,FAIRPRICE,NTUC FAIRPRICE CO-OPERATIVE LTD,"71 WOODLANDS AVENUE 3 #01-01, MARSILING MRT STATION S(739044)"
B02024E000,FAIRPRICE,NTUC FAIRPRICE CO-OPERATIVE LTD,"888 WOODLANDS DRIVE 50 #01-757, 888 PLAZA S(730888)"
B02025C000,fairprice,NTUC FAIRPRICE CO-OPERATIVE LTD,"414 YISHUN RING ROAD #01-1853, S(760414)"
B02026B000,COLD STORAGE,COLD STORAGE SINGAPORE (1983) PTE LTD,"445 FAJAR ROAD #01-536, S(670445)"
B02032E000,GIANT,COLD STORAGE SINGAPORE (1983) PTE LTD,"161 ANG MO KIO AVENUE 4 #01-504, S(560161)"
B02034B000,FAIRPRICE,NTUC FAIRPRICE CO-OPERATIVE LTD,"30 WOODLANDS AVENUE 1, WOODGROVE S(739065)"
B02035A000,GIANT,COLD STORAGE SINGAPORE (1983) PTE LTD,"548 WOODLANDS DRIVE 44 #01-37/38, VISTA POINT S(730548)"
B02037X000,GIANT,COLD STORAGE SINGAPORE (1983) PTE LTD,"883 WOODLANDS STREET 82 #01-498, WOODLANDS NORTH PLAZA S(730883)"
B02038P000,SHENG SIONG SUPERMARKET,SHENG SIONG SUPERMARKET PTE LTD,"925 YISHUN CENTRAL 1 #01-211, S(760925)"
B02039N000,COLD STORAGE,COLD STORAGE SINGAPORE (1983) PTE LTD,"293 YISHUN STREET 22 #01-261, S(760293)"
B02041C000,hwa soon heng mini supermarket,Tan Kwee Eng,"327 YISHUN RING ROAD #01-1320, S(760327)"
B02060V000,COLD STORAGE,COLD STORAGE SINGAPORE (1983) PTE LTD,"256 BANGKIT ROAD #01-69, S(670256)"
B02093B000,FAIRPRICE,NTUC FAIRPRICE CO-OPERATIVE LTD,"301 YISHUN AVENUE 2 #01-02, YISHUN MRT STATION S(769093)"
B02099L000,FAIRPRICE,NTUC FAIRPRICE CO-OPERATIVE LTD,"849 YISHUN RING ROAD #01-3703, S(760849)"
B03074A000,The butcher,THE BUTCHER (SINGAPORE) PTE. LTD.,"44 JALAN MERAH SAGA #01-50, S(278116)"
B03078N000,Fish market,ROSWELL ENTERPRISE PTE. LTD.,"34 GREENWOOD AVENUE, S(289236)"
B03099C000,FAIRPRICE,NTUC FAIRPRICE CO-OPERATIVE LTD,"628 SENJA ROAD #01-01, S(670628)"
B85098V000,HAO MART,HAO MART PTE. LTD.,"239 YISHUN RING ROAD #01-1150, S(760239)"
B92077A000,COLD STORAGE,COLD STORAGE SINGAPORE (1983) PTE LTD,"418 YISHUN AVENUE 11 #01-433, S(760418)"
B98014C000,FAIRPRICE,NTUC FAIRPRICE CO-OPERATIVE LTD,"215 ANG MO KIO AVENUE 1 #01-877, S(560215)"
B99041L000,FAIRPRICE,NTUC FAIRPRICE CO-OPERATIVE LTD,"1 ORCHID CLUB ROAD #01-34, ORCHID COUNTRY CLUB S(769162)"
C02024A000,COLD STORAGE,COLD STORAGE SINGAPORE (1983) PTE LTD,"1 FIFTH AVENUE #01-05, GUTHRIE HOUSE S(268802)"
C02025V000,COLD STORAGE,COLD STORAGE SINGAPORE (1983) PTE LTD,"293 HOLLAND ROAD, COLD STORAGE JELITA S(278628)"
C02026X000,GIANT,COLD STORAGE SINGAPORE (1983) PTE LTD,"2 JURONG EAST STREET 21 #01-100, IMM BUILDING S(609601)"
C02032A000,LOTUS GROCERY,LOTUS GROCERY,"15 ENG KONG TERRACE, ENG KONG PARK S(598987)"
C02033V000,SHENG SIONG SUPERMARKET,SHENG SIONG SUPERMARKET PTE LTD,"154A BUKIT BATOK WEST AVENUE 8 #01-01, S(651154)"
C02034X000,fairprice,NTUC FAIRPRICE CO-OPERATIVE LTD,"587 BUKIT TIMAH ROAD, CORONATION PLAZA S(269707)"
C02035P000,FAIRPRICE,NTUC FAIRPRICE CO-OPERATIVE LTD,"451 CLEMENTI AVENUE 3 #01-307, S(120451)"
C02036N000,FAIRPRICE FINEST,NTUC FAIRPRICE CO-OPERATIVE LTD,"1 JALAN ANAK BUKIT #B2-01,#B1-01, BUKIT TIMAH PLAZA S(588996)"
C02037L000,FAIRPRICE,NTUC FAIRPRICE CO-OPERATIVE LTD,"135 JURONG EAST STREET 13 #01-337, S(600135)"
C02038K000,FAIRPRICE,NTUC FAIRPRICE CO-OPERATIVE LTD,"1 JURONG WEST CENTRAL 2 #B1-09, JURONG POINT S(648886)"
C02040A000,FAIRPRICE,NTUC FAIRPRICE CO-OPERATIVE LTD,"63/66 YUNG KUANG ROAD, #01-119/02-119 S(610063) #01-119/02-119"
C02041V000,FAIRPRICE,NTUC FAIRPRICE CO-OPERATIVE LTD,"399 YUNG SHENG ROAD, #01-43A & 01-35 S(610399) #01-43A & 01-35"
C02046K000,COLD STORAGE,COLD STORAGE SINGAPORE (1983) PTE LTD,"1 BUKIT BATOK CENTRAL LINK #B1-01, WEST MALL S(658713)"
C02047J000,U Stars Supermarket,U STARS SUPERMARKET PTE. LTD.,"345 CLEMENTI AVENUE 5 #01-78, S(120345)"
C02048E000,COLD STORAGE,COLD STORAGE SINGAPORE (1983) PTE LTD,"144 UPPER BUKIT TIMAH ROAD #B1-01, BEAUTY WORLD CENTRE S(588177)"
C02050X000,SHENG SIONG SUPERMARKET,SHENG SIONG SUPERMARKET PTE LTD,"3 YUAN CHING ROAD #01-, #01-01A/02 S(618642) #01-01A/02"
C02052N000,ridgewood gourmet,Yeo Keng Guan,"5 RIDGEWOOD CLOSE, RIDGEWOOD CONDOMINIUM S(276696)"
C02053L000,FAIRPRICE,NTUC FAIRPRICE CO-OPERATIVE LTD,"166 BUKIT BATOK WEST AVENUE 8, #01-256/258 S(650166) #01-256/258"
C02080E000,SHENG SIONG SUPERMARKET,SHENG SIONG SUPERMARKET PTE LTD,"61 TEBAN GARDENS ROAD #01-21, S(600061)"
C02104B000,FAIRPRICE,NTUC FAIRPRICE CO-OPERATIVE LTD,"10 BUKIT BATOK CENTRAL #01-08, S(659958)"
C03010C000,COLD STORAGE,COLD STORAGE SINGAPORE (1983) PTE LTD,"1 MARITIME SQUARE, HARBOURFRONT CENTRE S(099253) #01-47/48/49/50"
C79031J000,GIANT,COLD STORAGE SINGAPORE (1983) PTE LTD,"21 GHIM MOH ROAD #01-177, S(270021)"
C85274C000,FAIRPRICE,NTUC FAIRPRICE CO-OPERATIVE LTD,"345 JURONG EAST STREET 31 #01-29, S(600345)"
C99107C000,The Seafood Market Place by Song Fish,SONG FISH DEALER PTE LTD,"1 JURONG WEST CENTRAL 2 #B1-26, JURONG POINT SHOPPING CENTRE S(648886)"
CE04086K000,FAIRPRICE,NTUC FAIRPRICE CO-OPERATIVE LTD,"57 DAWSON ROAD #01-01, DAWSON PLACE S(142057)"
CE04334P000,SHENG SIONG SUPERMARKET,SHENG SIONG SUPERMARKET PTE LTD,"233 ANG MO KIO AVENUE 3 #01-1168, S(560233)"
CE04558K000,SHENG SIONG SUPERMARKET,SHENG SIONG SUPERMARKET PTE LTD,"108 MCNAIR ROAD #01-295, S(321108)"
CE04561V000,-,SHENG SIONG SUPERMARKET PTE LTD,"19 SERANGOON NORTH AVENUE 5 #01-01/02, S(554913)"
CE05039P000,COLD STORAGE,COLD STORAGE SINGAPORE (1983) PTE LTD,"201 YISHUN AVENUE 2 #01-03, KHATIB MRT STATION S(769092)"
CE05096V000,GIANT,COLD STORAGE SINGAPORE (1983) PTE LTD,"316B ANG MO KIO STREET 31 #01-11, MULTI STOREY CAR PARK S(563316)"
CE05295K000,FairPrice,NTUC FAIRPRICE CO-OPERATIVE LTD,"71 KALLANG BAHRU #02-531, S(330071)"
CE05380X000,LITTLE FARMS,LITTLE FARMS PTE. LTD.,"491 RIVER VALLEY ROAD #01-20,#01-20K,#01-24,#01-25, S(248371)"
CE05487V000,FAIRPRICE,NTUC FAIRPRICE CO-OPERATIVE LTD,"1 JALAN BUKIT MERAH #01-4500, S(150001)"
CE06044N000,FAIRPRICE,NTUC FAIRPRICE CO-OPERATIVE LTD,"491 RIVER VALLEY ROAD #01-14, VALLEY POINT S(248371)"
CE06464C000,COLD STORAGE,COLD STORAGE SINGAPORE (1983) PTE LTD,"501 BUKIT TIMAH ROAD #01-02, CLUNY COURT S(259760)"
CE06L48L000,FAIRPRICE,NTUC FAIRPRICE CO-OPERATIVE LTD,"10 SINARAN DRIVE #04-47/48, SQUARE 2 S(307506)"
CE06M36N000,FAIRPRICE XTRA,NTUC FAIRPRICE CO-OPERATIVE LTD,"53 ANG MO KIO AVENUE 3 #B2-40, S(569933)"
CE07320C000,FAIRPRICE,NTUC FAIRPRICE CO-OPERATIVE LTD,"43 CAMBRIDGE ROAD #01-15, S(210043)"
CE07705A000,FPXpress,CHEERS HOLDINGS (2004) PTE. LTD.,"30 GREENWOOD AVENUE, HILLCREST PARK S(289230)"
CE07783P000,SHENG SIONG SUPERMARKET,SHENG SIONG SUPERMARKET PTE LTD,"88 TANGLIN HALT ROAD #01-10, MULTI STOREY CAR PARK S(141088)"
CE07D83B000,FairPrice,NTUC FAIRPRICE CO-OPERATIVE LTD,"5 UPPER BOON KENG ROAD #01-05, MULTI STOREY CAR PARK S(380005)"
CE08015J000,FAIRPRICE,NTUC FAIRPRICE CO-OPERATIVE LTD,"18/20 KIM TIAN ROAD, KAI FOOK MANSION S(169252)"
CE08808B000,swiss butchery,SWISS BUTCHERY PTE LTD,"56 TANGLIN ROAD #01-02, S(247964)"
CE08H32N000,FAIRPRICE,NTUC FAIRPRICE CO-OPERATIVE LTD,"80 LORONG LIMAU #01-191, S(320080)"
CE09512V000,GIANT,COLD STORAGE SINGAPORE (1983) PTE LTD,"512 BISHAN STREET 13 #01-524, S(570512)"
CE09685B000,COLD STORAGE,COLD STORAGE SINGAPORE (1983) PTE LTD,"20 GREENWOOD AVENUE, HILLCREST PARK S(289215)"
CE09744N000,-,yeo hock heng,"5 ALJUNIED ROAD, S(389797)"
CE09874X000,MINI MART,AL MARCHE PTE. LTD.,"2 MARINA BOULEVARD #B1-05, SAIL @ MARINA BAY, THE S(018987)"
CE09902A000,-,NG LIAN TEE,"7 GREENDALE AVENUE, GREENDALE COURT S(289504)"
CE09H10X000,FAIRPRICE,NTUC FAIRPRICE CO-OPERATIVE LTD,"180 KITCHENER ROAD #B1-09/10, CITY SQUARE MALL S(208539)"
CE10085L000,PRB TRADING,PRB TRADING PTE. LTD.,"230 GEYLANG ROAD, #B1-01 & #01-01 S(389290)"
CE10637N000,FAMILY NEEDS,FAMILY NEEDS PTE. LTD.,"64 RANGOON ROAD, R66 APARTMENTS S(218354)"
CE10B87J000,COLD STORAGE,COLD STORAGE SINGAPORE (1983) PTE LTD,"383 BUKIT TIMAH ROAD #01-09A, ALOCASSIA APARTMENTS S(259727)"
CE10I13B000,FOODIE MARKET PLACE,FOODIE MARKET PLACE PTE. LTD.,"225 OUTRAM ROAD, S(169038)"
CE11B47P000,HAO MART,HAO MART PTE. LTD.,"32 LORONG 11 GEYLANG, S(388724)"
CE11C49E000,GIANT,COLD STORAGE SINGAPORE (1983) PTE LTD,"26 JALAN MEMBINA #01-07, S(161026)"
CE11F41C000,FAIRPRICE SHOP,NTUC FAIRPRICE CO-OPERATIVE LTD,"150 SILAT AVENUE #01-44, S(160150)"
CE11H82X000,KOSHER SHOP,"Jewish Welfare Board, Singapore, The","24 WATERLOO STREET #02-01, JEWISH SYNAGOGUE S(187950)"
CE11M39P000,FAIRPRICE,NTUC FAIRPRICE CO-OPERATIVE LTD,"6 SCOTTS ROAD, SCOTTS SQUARE S(228209) #B1-03/07 & #B1-10"
CE11N90C000,FAIRPRICE,NTUC FAIRPRICE CO-OPERATIVE LTD,"712 ANG MO KIO AVENUE 6 #01-4056, S(560712)"
CE11P32L000,COLD STORAGE,COLD STORAGE SINGAPORE (1983) PTE LTD,"1 SELETAR ROAD #01-11, GREENWICH, THE S(807011)"
CE12096L000,SHENG SIONG SUPERMARKET,SHENG SIONG SUPERMARKET PTE LTD,"1 JALAN BERSEH #B1-03/22, NEW WORLD CENTRE S(209037)"
CE12546B000,SHENG SIONG SUPERMARKET,SHENG SIONG SUPERMARKET PTE LTD,"301 GEYLANG ROAD, BCH@301 S(389344) #01-02, #02-01/02/03/04/05"
CE12695A000,HAO MART,HAO MART PTE. LTD.,"74 WHAMPOA DRIVE #01-332,#01-336,#01-334, S(320074)"
CE12H50C000,FAIRPRICE FINEST,NTUC FAIRPRICE CO-OPERATIVE LTD,"100 TRAS STREET #B1-01, 100 AM S(079027)"
CE12H94B000,PRIME SUPERMARKET,PRIME SUPERMARKET (1996) PTE LTD,"542B SERANGOON NORTH AVENUE 3 #02-01, MUTLI STOREY CAR PARK S(552542)"
CE12J32X000,SHENG SIONG SUPERMARKET,SHENG SIONG SUPERMARKET PTE LTD,"2 ANG MO KIO DRIVE #01-12, ITE COLLEGE CENTRAL S(567720)"
CE12V01C000,HAO MART,HAO MART PTE. LTD.,"16 JALAN KURAS, SEMBAWANG HILLS ESTATE S(577729)"
CE13539N000,SuperNature,CULINA PTE. LTD.,"583 ORCHARD ROAD, FORUM S(238884) #B1-05/06/07/08/09"
CE13O90C000,FAIRPRICE FINEST,NTUC FAIRPRICE CO-OPERATIVE LTD,"20 AH HOOD ROAD #02-01, S(329984)"
CE13R25C000,FAIRPRICE,NTUC FAIRPRICE CO-OPERATIVE LTD,"447A JALAN KAYU #01-02, S(791447)"
CE13S05E000,LABIBA ENTERPRISE,HAMINI PTE. LTD.,"249 JALAN KAYU, S(799473)"
CE13Z03L000,GIANT HYPERFRESH,COLD STORAGE SINGAPORE (1983) PTE LTD,"3 TEMASEK BOULEVARD #B1-154,#B1-155,#B1-156, SUNTEC CITY MALL S(038983)"
CE13Z38L000,AP,AP HOUSE PTE. LTD.,"12 MARINA VIEW #01-06/08, ASIA SQUARE TOWER 2 S(018961) (3 Units: 6, 7 & 8)"
CE13Z98K000,FAIRPRICE,NTUC FAIRPRICE CO-OPERATIVE LTD,"808 FRENCH ROAD #01-01, KITCHENER COMPLEX S(200808)"
CE14938E000,SONG FISH- SEAFOOD MARKET PLACE,SONG FISH DEALER PTE LTD,"133 NEW BRIDGE ROAD #B1-26, CHINATOWN POINT S(059413)"
CE14G71E000,COLD STORAGE,COLD STORAGE SINGAPORE (1983) PTE LTD,"16 ENGGOR STREET, ALTEZ S(079717) (UNITS: #01-05/06/07/08)"
CE14G73B000,COLD STORAGE,COLD STORAGE SINGAPORE (1983) PTE LTD,"12 KALLANG AVENUE #01-47, APERIA S(339511)"
CE14L50J000,FAIRPRICE FINEST,NTUC FAIRPRICE CO-OPERATIVE LTD,"33 SENGKANG WEST AVENUE #B2-24, THE SELETAR MALL S(797653)"
CE14Q85A000,B&S MINIMART,B & S MINI MART PTE. LTD.,"310 GEYLANG ROAD, S(389349)"
CE15023A000,GW MINIMART,GW TRADER PTE. LTD.,"8 SELETAR NORTH LINK #G1-03, PPT LODGE 1A S(797455)"
CE15042P000,PHAN99 SUPERMART,PHAN99 INVESTMENTS PTE. LTD.,"2 SELETAR NORTH LINK #01-38, PPT LODGE 1B S(797601)"
CE15577J000,COLD STORAGE,COLD STORAGE SINGAPORE (1983) PTE LTD,"442 ORCHARD ROAD #B1-01/11, ORCHARD HOTEL S(238879)"
CE15695V000,FAIRPRICE,NTUC FAIRPRICE CO-OPERATIVE LTD,"279 SENGKANG EAST AVENUE #01-06, MULTI STOREY CAR PARK S(540279)"
CE15B61K000,U Stars Supermarket,U STARS SUPERMARKET PTE. LTD.,"330 ANCHORVALE STREET #01-01, S(540330)"
CE15F60K000,HUBER'S,HUBER'S PTE. LTD.,"22 DEMPSEY ROAD, 1st & 2nd storey S(249679) 1st & 2nd storey"
CE15G35E000,FAIRPRICE,NTUC FAIRPRICE CO-OPERATIVE LTD,"20 LENGKOK BAHRU #01-13, S(159053)"
CE15J25N000,SHENG SIONG SUPERMARKET,SHENG SIONG SUPERMARKET PTE LTD,"85 DAWSON ROAD #01-01, MULTI STOREY CAR PARK S(141085)"
CE16913J000,SHENG SIONG SUPERMARKET,SHENG SIONG SUPERMARKET PTE LTD,"473 FERNVALE STREET #01-06, FERNVALE RIVERGROVE S(790473)"
CE16E64A000,HAO MART,HAO MART PTE. LTD.,"106 HENDERSON CRESCENT #01-47, HENDERSONVILLE S(150106)"
CE16I13V000,IROHA MART,IROHA INTERNATIONAL PTE. LTD.,"68 ORCHARD ROAD #B2-17,#B2-18, PLAZA SINGAPURA S(238839)"
CE16K18V000,FAIRPRICE SHOP,NTUC FAIRPRICE CO-OPERATIVE LTD,"574 ANG MO KIO AVENUE 10 #01-1847, S(560574)"
CE16M43E000,LITTLE FARMS,LITTLE FARMS PTE. LTD.,"7 WALLICH STREET #B2-06, TANJONG PAGAR CENTRE S(078884)"
CE17174A000,TASTE SINGAPORE,TASTE (SINGAPORE) PRIVATE LIMITED,"118 HOLLAND AVENUE #B1-01/10, RAFFLES HOLLAND V S(278997)"
CE17A77E000,CAVEMEN,CAVEMEN PTE. LTD.,"1 JALAN DUSUN #01-11/12,#01-09/10, ONE DUSUN RESIDENCES S(329363)"
CE17E43B000,HAO MART,HAO MART PTE. LTD.,"410A SIN MING AVENUE #01-02, MULTI STOREY CAR PARK S(571410)"
CE17F56J000,IROHA MART,IROHA INTERNATIONAL PTE. LTD.,"133 NEW BRIDGE ROAD #B1-11, CHINATOWN POINT S(059413)"
CE17J36N000,COLD STORAGE,COLD STORAGE SINGAPORE (1983) PTE LTD,"5 STRAITS VIEW #B2-15/16, THE HEART S(018935)"
CE17K55B000,FAIRPRICE SHOP,NTUC FAIRPRICE CO-OPERATIVE LTD,"30 BENDEMEER ROAD #01-871, BENDEMEER VILLE S(330030)"
CE17L02A000,FAIRPRICE SHOP,NTUC FAIRPRICE CO-OPERATIVE LTD,"95 LORONG 4 TOA PAYOH #01-70,#01-72,#01-68, TOA PAYOH PALM SPRING S(310095)"
CE17L45A000,DON DON DONKI,PAN PACIFIC RETAIL MANAGEMENT (SINGAPORE) PTE. LTD.,"181 ORCHARD ROAD #B2-01/03,#B2-23/48, ORCHARD CENTRAL S(238896)"
CE17M26A000,HAO MART,HAO MART PTE. LTD.,"17 JALAN TENTERAM #01-128, S(321017)"
CE17M36X000,HAO MART,HAO MART PTE. LTD.,"146 JALAN BUKIT MERAH #01-1074, S(160146)"
CE17P14L000,SF FARM MART,SF (313) PTE. LTD.,"3 TEMASEK BOULEVARD #01-616,#01-617, SUNTEC CITY MALL S(038983)"
CE17Q32B000,SHENG SIONG SUPERMARKET,SHENG SIONG SUPERMARKET PTE LTD,"417 FERNVALE LINK #01-11, MULTI STOREY CAR PARK S(790417)"
CE17Q33A000,SHENG SIONG SUPERMARKET,SHENG SIONG SUPERMARKET PTE LTD,"338 ANCHORVALE CRESCENT #01-11, MULTI STOREY CAR PARK S(540338)"
CE18A78X000,DON DON DONKI,PAN PACIFIC RETAIL MANAGEMENT (SINGAPORE) PTE. LTD.,"100 TRAS STREET #02-22/26,#03-01/05,#02-01/05,#03-19/23, 100 AM S(079027)"
CE18G73N000,HAO MART,HAO MART PTE. LTD.,"91 TELOK BLANGAH STREET 31 #01-02,#01-03,#01-04, S(100091)"
CE18I13C000,LITTLE FARMS,LITTLE FARMS PTE. LTD.,"3 LORONG LIPUT #01-04,#01-05,#01-06, HOLLAND VILLAGE CORNER S(277725)"
CE18P85X000,FAIRPRICE FINEST,NTUC FAIRPRICE CO-OPERATIVE LTD,"111 SOMERSET ROAD #01-01/02,#01-21/30, TRIPLEONE SOMERSET S(238164)"
CE18R47X000,PRIME SUPERMARKET,PRIME SUPERMARKET (1996) PTE LTD,"991 BUANGKOK LINK #01-28, MULTI STOREY CAR PARK S(530991)"
CE18R71X000,Your Grocer,YOUR GROCER PRIVATE LIMITED,"34 JALAN BUKIT HO SWEE #01-870, THE BEO CRESCENT S(160034)"
CE18T11J000,JO BY COLD STORAGE,COLD STORAGE SINGAPORE (1983) PTE LTD,"8A MARINA BOULEVARD #B2-44-50, MARINA BAY LINK MALL S(018984)"
CE18T88K000,DON DON DONKI,PAN PACIFIC RETAIL MANAGEMENT (SINGAPORE) PTE. LTD.,"180 KITCHENER ROAD #B2-07,#B2-17,#B2-18,#B2-06, CITY SQUARE MALL S(208539)"
CE18W55K000,HAO MART,HAO MART PTE. LTD.,"803 KING GEORGE'S AVENUE #01-168, S(200803)"
CE19351J000,Jasons Deli By Cold Storage,COLD STORAGE SINGAPORE (1983) PTE LTD,"2 BAYFRONT AVENUE #01-29, MARINA BAY SANDS S(018972)"
CE19392L000,CULINA,CULINA PTE. LTD.,"15 DEMPSEY ROAD, S(249675)"
CE19799X000,SUZYAMEER FROZEN,SUZYAMEER FROZEN PTE. LTD.,"991 BUANGKOK LINK #01-24/25, MULTI STOREY CAR PARK S(530991)"
CE19878A000,DON DON DONKI,PAN PACIFIC RETAIL MANAGEMENT (SINGAPORE) PTE. LTD.,"10 SINARAN DRIVE #B1-01/85, SQUARE 2 S(307506)"
CE19910L000,FAIRPRICE FINEST,NTUC FAIRPRICE CO-OPERATIVE LTD,"107 NORTH BRIDGE ROAD #B1-10, S(179105)"
CE19987N000,FAIRPRICE,NTUC FAIRPRICE CO-OPERATIVE LTD,"51 UPPER SERANGOON ROAD #01-30-32,#01-41-49, THE POIZ CENTRE S(347697)"
CE19A43K000,SHENG SIONG SUPERMARKET,SHENG SIONG SUPERMARKET PTE LTD,"351 ANCHORVALE ROAD #01-05, MULTI STOREY CAR PARK S(540351)"
CE19H85N000,DON DON DONKI,PAN PACIFIC RETAIL MANAGEMENT (SINGAPORE) PTE. LTD.,"6 EU TONG SEN STREET #B1-11-24,#B1-27B,#B1-28A,#B1-27A,#B1-27C,#B1-27E,#B1-28,#B1-27,#B1-27D,#B1-28B,#B1-44-51, THE CENTRAL S(059817)"
CE19I23N000,MEIDI-YA SUPERMARKET,MEIDI-YA SINGAPORE CO (PTE) LTD,"1 KIM SENG PROMENADE #B2-116,#B2-112,#B2-113,#B2-121,#B2-117,#B2-114,#B2-118,#B2-111,#B2-115,#B2-119,#B2-120, GREAT WORLD CITY S(237994)"
CE19K92V000,HAO MART,HAO MART PTE. LTD.,"116 JALAN TENTERAM #01-02, MULTI STOREY CAR PARK S(320116)"
E02026P000,COLD STORAGE,COLD STORAGE SINGAPORE (1983) PTE LTD,"20 EASTWOOD ROAD #01-07/09, EASTWOOD CENTRE S(486442)"
E02027N000,COLD STORAGE,COLD STORAGE SINGAPORE (1983) PTE LTD,"80 MARINE PARADE ROAD #B1-84, PARKWAY PARADE SHOPPING CENTRE S(449269)"
E02028L000,GIANT,COLD STORAGE SINGAPORE (1983) PTE LTD,"266 SERANGOON CENTRAL DRIVE #01-255, S(550266)"
E02030B000,GIANT,COLD STORAGE SINGAPORE (1983) PTE LTD,"306 UBI AVENUE 1 #01-185, S(400306)"
E02032V000,SHENG SIONG SUPERMARKET,SHENG SIONG SUPERMARKET PTE LTD,"539A BEDOK NORTH STREET 3 #01-477, BEDOK NORTH AREA OFFICE S(461539)"
E02033X000,GIANT,COLD STORAGE SINGAPORE (1983) PTE LTD,"509 BEDOK NORTH STREET 3 #01-121, S(460509)"
E02034P000,FAIRPRICE,NTUC FAIRPRICE CO-OPERATIVE LTD,"114 ALJUNIED AVENUE 2 #01-75, S(380114)"
E02035N000,FAIRPRICE,NTUC FAIRPRICE CO-OPERATIVE LTD,"212 BEDOK NORTH STREET 1 #01-147, S(460212)"
E02039E000,FAIRPRICE,NTUC FAIRPRICE CO-OPERATIVE LTD,"152B SERANGOON NORTH AVENUE 1 #01-384, S(552152)"
E02041X000,PRIME SUPERMARKET,PRIME SUPERMARKET LIMITED,"25A CHAI CHEE ROAD #01-459, S(461025)"
E02042P000,-,PRIME SUPERMARKET LIMITED,"803 KING GEORGE'S AVENUE #01-154, S(200803)"
E02045K000,SHENG SIONG SUPERMARKET,SHENG SIONG SUPERMARKET PTE LTD,"118 ALJUNIED AVENUE 2 #01-100, S(380118)"
E02047E000,GIANT,COLD STORAGE SINGAPORE (1983) PTE LTD,"348 BEDOK ROAD #01-01, BEDOK SHOPPING COMPLEX S(469560)"
E02072C000,FAIRPRICE,TEO BOBBY,"29 CHAI CHEE AVENUE #01-62, S(460029)"
E02096K000,fairprice,NTUC FAIRPRICE CO-OPERATIVE LTD,"6 MARINE PARADE CENTRAL, NTUC FAIRPRICE SUPERMARKET S(449411)"
E02140N000,SHENG SIONG SUPERMARKET,SHENG SIONG SUPERMARKET PTE LTD,"1 JALAN BERSEH #B1-02, NEW WORLD CENTRE S(209037)"
E03034J000,SHENG SIONG SUPERMARKET,SHENG SIONG SUPERMARKET PTE LTD,"115 BEDOK NORTH ROAD #01-319, S(460115)"
E73010V000,SHENG SIONG SUPERMARKET,SHENG SIONG SUPERMARKET PTE LTD,"11 UPPER BOON KENG ROAD #01-901, S(380011)"
E75097C000,PRIME SUPERMARKET,PRIME SUPERMARKET (1996) PTE LTD,"18 BEDOK SOUTH ROAD #01-87, S(460018)"
E79179V000,U Stars Supermarket,U STARS PTE. LTD.,"510 BEDOK NORTH STREET 3 #01-33, S(460510)"
E82118V000,HAO MART,HAO MART PTE. LTD.,"537 BEDOK NORTH STREET 3 #01-555, S(460537)"
E83157K000,FAIRPRICE,NTUC FAIRPRICE CO-OPERATIVE LTD,"934 EAST COAST ROAD, S(459125)"
E85090E000,HAO MART,HAO MART PTE. LTD.,"120 POTONG PASIR AVENUE 1 #01-812, S(350120)"
E89116J000,WAHOO,WAHOO SEAFOODS PTE. LTD.,"57 JALAN TUA KONG, S(457253)"
E95315V000,FAIRPRICE,NTUC FAIRPRICE CO-OPERATIVE LTD,"77 CIRCUIT ROAD #01-464/6, S(370077)"
E98161V000,FAIRPRICE,NTUC FAIRPRICE CO-OPERATIVE LTD,"255 EAST COAST ROAD, S(428932)"
J02008P000,-,ANG KEN CHUA,"410 CHOA CHU KANG AVENUE 3 #01-341, S(680410)"
J02009N000,SHENG SIONG SUPERMARKET,SHENG SIONG SUPERMARKET PTE LTD,"544 JURONG WEST STREET 42 #01-97/99, S(640544)"
J02010E000,GIANT,COLD STORAGE SINGAPORE (1983) PTE LTD,"475 CHOA CHU KANG AVENUE 3 #01-01, S(680475)"
J02011C000,COLD STORAGE,COLD STORAGE SINGAPORE (1983) PTE LTD,"464 UPPER BUKIT TIMAH ROAD, S(678077)"
J02013A000,FAIRPRICE,NTUC FAIRPRICE CO-OPERATIVE LTD,"221 BOON LAY PLACE #02-200, BOON LAY SHOPPING CENTRE S(640221)"
J02016P000,Seng Eng,NG TOH TET,"442 JURONG WEST AVENUE 1 #01-756, S(640442)"
J02017N000,PRIME SUPERMARKET,PRIME SUPERMARKET (1996) PTE LTD,"373 BUKIT BATOK STREET 31 #01-248, PRIME BUILDING S(650373)"
J02018L000,PRIME SUPERMARKET,PRIME SUPERMARKET (1996) PTE LTD,"253 CHOA CHU KANG AVENUE 1 #B1-07/10, S(680253)"
J02019K000,PRIME SUPERMARKET,PRIME SUPERMARKET LIMITED,"962 JURONG WEST STREET 91 #01-300, S(640962)"
J02020B000,PRIME SUPERMARKET,PRIME SUPERMARKET (1996) PTE LTD,"142 TECK WHYE LANE #01-281, S(680142)"
J02021A000,COLD STORAGE,COLD STORAGE SINGAPORE (1983) PTE LTD,"376 BUKIT BATOK STREET 31 #01-116, S(650376)"
J03027B000,JURONG ISLAND MINIMART,KADER HASNA MARICAN,"17 KIAN TECK LANE #01-65, S(627851)"
J03056N000,COLD STORAGE,COLD STORAGE SINGAPORE (1983) PTE LTD,"492 JURONG WEST STREET 41, #01-24/26/28 S(640492) #01-24/26/28"
J87134E000,G & G WHOLESALE & MARKETING,BALASUBRAMANIYAN KANNADASAN,"257 KRANJI ROAD, 1ST STOREY S(739503) 1ST STOREY"
J92067N000,MCP FAIRMART,MCP FAIRMART PTE. LTD.,"371 BUKIT BATOK STREET 31 #01-324, S(650371)"
J94081B000,PRIME SUPERMARKET,PRIME SUPERMARKET LIMITED,"763 JURONG WEST STREET 75 #01-01, S(640763)"
J96145K000,FAIRPRICE,NTUC FAIRPRICE CO-OPERATIVE LTD,"21 CHOA CHU KANG AVENUE 4 #B1-03, LOT 1 SHOPPERS' MALL S(689812)"
NE04047K000,FAIRPRICE,NTUC FAIRPRICE CO-OPERATIVE LTD,"138 TAMPINES STREET 11 #01-136, S(521138)"
NE04092A000,U Stars Supermarket,U STARS PTE. LTD.,"625 ELIAS ROAD #01-302, ELIAS MALL S(510625)"
NE04107V000,FAIRPRICE,NTUC FAIRPRICE CO-OPERATIVE LTD,"168 PUNGGOL FIELD #03-01, PUNGGOL PLAZA S(820168)"
NE04109P000,AZ SUPERMART,AZ SUPERMART PTE. LTD.,"21 KAKI BUKIT AVENUE 3, GOLDEN BUKIT DORMITORY 2 S(415920) GOLDEN BUKIT DORMITORY 2"
NE04114A000,FAIRPRICE,NTUC FAIRPRICE CO-OPERATIVE LTD,"866A TAMPINES STREET 83 #01-01, TAMPINES CENTRAL COMMUNITY COMPLEX S(521866)"
NE04155C000,YES Supermarket,YES SUPERMARKET PTE LTD,"829 TAMPINES ST 81, S(520829)"
NE06429X000,COLD STORAGE,COLD STORAGE SINGAPORE (1983) PTE LTD,"266 COMPASSVALE BOW #01-02, THE CORIS S(540266) MULTI STOREY CAR PARK"
NE07474A000,COLD STORAGE,COLD STORAGE SINGAPORE (1983) PTE LTD,"21 TAMPINES NORTH DRIVE 2, GIANT S(528765) GIANT HYPERMARKETS"
NE08058P000,FAIRPRICE,NTUC FAIRPRICE CO-OPERATIVE LTD,"1 PASIR RIS CLOSE #02-127, E!HUB@DOWNTOWN EAST S(519599) PASIR RIS NTUC RESORT"
NE08150C000,FAIRPRICE,NTUC FAIRPRICE CO-OPERATIVE LTD,"277C COMPASSVALE LINK #01-13, ASPELLA S(543277) UNIT 01"
NE08357A000,SUZYAMEER FROZEN,SUZYAMEER FROZEN PTE. LTD.,"201D TAMPINES STREET 21 #01-1161, S(524201)"
NE09027A000,COLD STORAGE,COLD STORAGE SINGAPORE (1983) PTE LTD,"10 TAMPINES CENTRAL 1 #B1-01/02, S(529536)"
NE09263B000,FAIRPRICE,NTUC FAIRPRICE CO-OPERATIVE LTD,"100 HOUGANG AVENUE 10 #02-01, S(538767)"
NE09314N000,GIANT,COLD STORAGE SINGAPORE (1983) PTE LTD,"776 PASIR RIS STREET 71 #01-412, S(510776)"
NE09359K000,SHENG SIONG SUPERMARKET,SHENG SIONG SUPERMARKET PTE LTD,"301 PUNGGOL CENTRAL #01-01, CORALINUS S(820301) MULTI STOREY CAR PARK"
NE10113B000,ang mo supermarket,ANG MO SUPERMARKET PTE LTD,"639 PUNGGOL DRIVE #01-01, S(820639)"
NE10213X000,begonia supermarket,SHAHUL HAMEED S/O ABDUSALAM,"280 TAMPINES STREET 22 #01-244, S(520280)"
NE10310X000,FAIRPRICE FINEST,NTUC FAIRPRICE CO-OPERATIVE LTD,"1 MAJU AVENUE #B1-11-14,#B1-18-20, MYVILLAGE AT SERANGOON GARDEN S(556679)"
NE11529V000,PRIME SUPERMARKET,PRIME SUPERMARKET (1996) PTE LTD,"159A HOUGANG STREET 11 #01-01, MULTI STOREY CAR PARK S(531159)"
NE11808L000,BENG POH MINI MART,BENG POH MINI MART,"21B TAMPINES AVENUE, S(529804)"
NE11909C000,COLD STORAGE,COLD STORAGE SINGAPORE (1983) PTE LTD,"683 HOUGANG AVENUE 8 #01-903, S(530683)"
NE12B79A000,FAIRPRICE,NTUC FAIRPRICE CO-OPERATIVE LTD,"612 PUNGGOL DRIVE #01-06, S(820612)"
NE12I65N000,LI LI CHENG SUPERMARKET (PUNGGOL) PTE. LTD.,LI LI CHENG SUPERMARKET (PUNGGOL) PTE. LTD.,"273C PUNGGOL PLACE #01-884, PUNGGOL REGALIA S(823273)"
NE13M11K000,COLD STORAGE,COLD STORAGE SINGAPORE (1983) PTE LTD,"622D PUNGGOL CENTRAL #01-06, PUNGGOL SPECTRA S(824622)"
NE14190K000,VIVA MART ENTERPRISES,VIVA CORP SERVICES PTE. LTD.,"23 KAKI BUKIT ROAD 3 #01-02, THE LEO S(415812)"
NE15002X000,SHENG SIONG SUPERMARKET,SHENG SIONG SUPERMARKET PTE LTD,"506 TAMPINES CENTRAL 1 #01-361, S11 COURT S(520506)"
NE15006K000,SFERM,SFERM PTE. LTD.,"78 SERANGOON GARDEN WAY #01-01, SERANGOON GARDEN ESTATE S(555974)"
NE15211C000,SHENG SIONG SUPERMARKET,SHENG SIONG SUPERMARKET PTE LTD,"312A SUMANG LINK #01-04, PUNGGOL PARCVISTA S(821312)"
NE15276N000,SHENG SIONG SUPERMARKET,SHENG SIONG SUPERMARKET PTE LTD,"527D PASIR RIS STREET 51 #01-01, COSTA RIS S(514527)"
NE15440C000,U Stars Supermarket,U STARS SUPERMARKET PTE. LTD.,"261 PUNGGOL WAY #01-02, PUNGGOL TOPAZ S(820261) MULTI STOREY CAR PARK"
NE15467C000,FAIRPRICE,NTUC FAIRPRICE CO-OPERATIVE LTD,"476 UPPER SERANGOON VIEW #02-18, PUNGGOL TOPAZ S(530476) MULTI STOREY CAR PARK"
NE15476B000,HAO MART,HAO MART PTE. LTD.,"308C PUNGGOL WALK #01-352, WATERWAY TERRACES I S(823308)"
NE15611B000,GIANT,COLD STORAGE SINGAPORE (1983) PTE LTD,"671 EDGEFIELD PLAINS #02-01, S(820671)"
NE15760A000,RAW MARKET,RAW MARKET PTE. LTD.,"11 PASIR RIS LINK #01-48, SEASTRAND S(518180)"
NE15762X000,FAIRPRICE FINEST,NTUC FAIRPRICE CO-OPERATIVE LTD,"83 PUNGGOL CENTRAL #B2-32, WATERWAY POINT S(828761)"
NE16139A000,GIANT,COLD STORAGE SINGAPORE (1983) PTE LTD,"259 PASIR RIS STREET 21 #01-27, S(510259)"
NE16363K000,COLD STORAGE,COLD STORAGE SINGAPORE (1983) PTE LTD,"1 SENGKANG SQUARE #B1-25, COMPASS ONE S(545078) 1 SENGKANG MALL (1SM)"
NE16640E000,FAIRPRICE,NTUC FAIRPRICE CO-OPERATIVE LTD,"51 TAMPINES AVENUE 4 #B1-01, OUR TAMPINES HUB S(529684)"
NE16747J000,U Stars Supermarket,U STARS SUPERMARKET PTE. LTD.,"218 SUMANG WALK #01-01, S(820218)"
NE16875P000,HAO MART,HAO MART PTE. LTD.,"487B TAMPINES STREET 45 #B1-123, S(521487)"
NE17023N000,SHENG SIONG SUPERMARKET,SHENG SIONG SUPERMARKET PTE LTD,"258 PASIR RIS STREET 21 #02-10, LOYANG POINT S(510258)"
NE17098V000,U Stars Supermarket,U STARS SUPERMARKET PTE. LTD.,"215C COMPASSVALE DRIVE #01-01, S(543215)"
NE17390X000,U Stars Supermarket,U STARS SUPERMARKET PTE. LTD.,"878C TAMPINES AVENUE 8 #01-65, S(523878)"
NE17563L000,SHENG SIONG SUPERMARKET,SHENG SIONG SUPERMARKET PTE LTD,"872C TAMPINES STREET 86 #02-01, S(523872)"
NE17700J000,SHENG SIONG SUPERMARKET,SHENG SIONG SUPERMARKET PTE LTD,"660A EDGEDALE PLAINS #01-01, WATERWAY SUNDEW S(821660)"
NE18066E000,-,ISYMI PTE. LTD.,"183 JALAN PELIKAT #01-12, THE PROMENADE@PELIKAT S(537643)"
NE18169P000,FAIRPRICE,NTUC FAIRPRICE CO-OPERATIVE LTD,"681 PUNGGOL DRIVE #B1-01, S(820681)"
NE18339P000,The Seafood Market Place by Song Fish,SONG FISH DEALER PTE LTD,"2 TAMPINES CENTRAL 5 #B1-08, CENTURY SQUARE S(529509)"
NE18406E000,J-MART JAPANESE FOOD MARKET,TANESEI RETAILING PTE. LTD.,"2 TAMPINES CENTRAL 5 #B1-06, CENTURY SQUARE S(529509)"
NE18529J000,The Seafood Market Place by Song Fish,SONG FISH DEALER PTE LTD,"681 PUNGGOL DRIVE #01-09,#01-11,#01-10, S(820681)"
NE18667L000,HAO MART,HAO MART PTE. LTD.,"658 PUNGGOL EAST #01-01, S(820658)"
NE19271N000,SHENG SIONG SUPERMARKET,SHENG SIONG SUPERMARKET PTE LTD,"231 SUMANG LANE #01-02, S(820231)"
NW04014P000,-,COLD STORAGE SINGAPORE (1983) PTE LTD,"102 YISHUN AVENUE 5 #01-125, S(760102)"
NW04127A000,-,NTUC FAIRPRICE CO-OPERATIVE LTD,"900 SOUTH WOODLANDS DRIVE #B1-01, WOODLANDS CIVIC CENTRE S(730900)"
NW06239N000,-,THNG SAIK MONG,"108 CLEMENTI STREET 11 #01-K1, S(120108)"
NW06546V000,FAIRPRICE,NTUC FAIRPRICE CO-OPERATIVE LTD,"511 CANBERRA ROAD #02-03, SEMBAWANG MART S(750511)"
NW07277P000,FAIRPRICE,NTUC FAIRPRICE CO-OPERATIVE LTD,"355 SEMBAWANG WAY #01-01, S(750355)"
NW07636K000,GIANT,COLD STORAGE SINGAPORE (1983) PTE LTD,"406A SEMBAWANG DRIVE #01-02, MULTI STOREY CAR PARK S(751406)"
NW07726J000,MM SUNDRY SHOP,MM SUNDRY SHOP PTE. LTD.,"27 WOODLANDS SECTOR 1 #01-70, WOODLANDS DORMITORY S(738252)"
NW08020K000,COLD STORAGE,COLD STORAGE SINGAPORE (1983) PTE LTD,"70 WOODLANDS AVENUE 7 #01-05, ADMIRALTY MRT STATION S(738344)"
NW08141P000,COLD STORAGE,COLD STORAGE SINGAPORE (1983) PTE LTD,"41 SUNSET WAY #01-01A, CLEMENTI ARCADE S(597071)"
NW08314K000,COLD STORAGE,COLD STORAGE SINGAPORE (1983) PTE LTD,"930 YISHUN AVENUE 2 #B1-06/07, NORTHPOINT S(769098)"
NW08385B000,COLD STORAGE,COLD STORAGE SINGAPORE (1983) PTE LTD,"604 SEMBAWANG ROAD #B1-25, SEMBAWANG SHOPPING CENTRE S(758459)"
NW08477X000,FAIRPRICE,NTUC FAIRPRICE CO-OPERATIVE LTD,"36 HOLLAND DRIVE #01-03, S(270036)"
NW09331A000,AJMAL TRADE MART,AJMAL TRADE MART PTE. LTD.,"23 MANDAI ESTATE #01-21, S(729937)"
NW09437C000,COLD STORAGE,COLD STORAGE SINGAPORE (1983) PTE LTD,"468B ADMIRALTY DRIVE #01-29, S(752468)"
NW10192C000,PHAN NEE TRADING,PHAN NEE TRADING LLP,"49 ADMIRALTY ROAD WEST, COCHRANE LODGE II S(757444)"
NW11384E000,COLD STORAGE,COLD STORAGE SINGAPORE (1983) PTE LTD,"1 WOODLANDS SQUARE #B1-31/32, CAUSEWAY POINT S(738099)"
NW11702X000,SHENG SIONG SUPERMARKET,SHENG SIONG SUPERMARKET PTE LTD,"200 WOODLANDS INDUSTRIAL PARK E7 #01-30, WOODLANDS RECREATION CENTRE S(757177) INTERIM RECREATION PARK"
NW11767E000,SHENG SIONG SUPERMARKET,SHENG SIONG SUPERMARKET PTE LTD,"1 WOODLANDS ROAD #01-07, THE TENNERY S(677899)"
NW12G73N000,PRIME SUPERMARKET,PRIME SUPERMARKET (1996) PTE LTD,"761 YISHUN STREET 72 #01-348, (#01-348-350-352 AND 354) S(760761) (#01-348-350-352 AND 354)"
NW13005P000,BHANDARI INTERNATIONAL,BHANDARI INTERNATIONAL PTE. LTD.,"50 WOODLANDS INDUSTRIAL PARK E4 #01-02, WOODLANDS LODGE ONE S(757388)"
NW13J23J000,BISMILLAH MINIMART,BISMILLAH MINIMART PTE. LTD.,"32 MANDAI ESTATE #01-02, S(729939)"
NW13K05E000,FAIRPRICE,NTUC FAIRPRICE CO-OPERATIVE LTD,"570B WOODLANDS AVENUE 1 #01-06, S(732570)"
NW14006E000,de esperto minimart,DE ESPERTO MINIMART PTE. LTD.,"190 WOODLANDS INDUSTRIAL PARK E7, S(757178)"
NW14040B000,FORTUNE SUPERMARKET,FORTUNE SUPERMARKET PTE. LTD.,"463 SEMBAWANG DRIVE #01-02, MULTI STOREY CAR PARK S(750463)"
NW14561E000,7SEVEN,7SEVEN PTE. LTD.,"51 NORTH COAST AVENUE #01-03, NORTH COAST LODGE S(756992)"
NW15186C000,SHENG SIONG SUPERMARKET,SHENG SIONG SUPERMARKET PTE LTD,"547 SEGAR ROAD #01-06, MULTI STOREY CAR PARK S(670547)"
NW15220L000,FORTUNE SUPERMARKET,FORTUNE SUPERMARKET PTE. LTD.,"780 WOODLANDS CRESCENT #01-01, MULTI STOREY CAR PARK S(730780)"
NW15264K000,RYAN'S GROCERY,ALTERNATIVE SELECTION PTE. LTD.,"29 BINJAI PARK, BINJAI PARK S(589831)"
NW15295X000,COLD STORAGE,COLD STORAGE SINGAPORE (1983) PTE LTD,"896 DUNEARN ROAD #02-01, SIME DARBY CENTRE S(589472)"
NW15489B000,AJMAL TRADING GROUP,AJMAL  TRADING GROUP PTE. LTD.,"2 WOODLANDS SECTOR 2 #01-05, WESTLITE WOODLANDS DORMITORY S(737723)"
NW15751L000,ASHA MINIMART,ASHA MINIMART PTE. LTD.,"11 MANDAI ESTATE #01-15,#01-16, ELDIX S(729908)"
NW16388B000,SHENG SIONG SUPERMARKET,SHENG SIONG SUPERMARKET PTE LTD,"18 YISHUN AVENUE 9 #02-06/10, JUNCTION NINE S(768897)"
NW16634L000,HAO MART,HAO MART PTE. LTD.,"205 PETIR ROAD #01-595, S(670205)"
NW16763X000,HAO MART,HAO MART PTE. LTD.,"505 CANBERRA LINK #01-01, MONTREAL SPRING S(750505)"
NW17024A000,-,SUN TRG & CON PTE. LTD.,"280 WOODLANDS INDUSTRIAL PARK E5 #01-24, HARVEST @ WOODLANDS S(757322)"
NW17097K000,FAIRPRICE,NTUC FAIRPRICE CO-OPERATIVE LTD,"17 PETIR ROAD #B2-67, HILLION MALL S(678278)"
NW17212X000,U Stars Supermarket,U STARS PTE. LTD.,"507 YISHUN AVENUE 4 #01-09, S(760507)"
NW17277E000,Maa Supermarket,MAA TRADING PTE. LTD.,"280 WOODLANDS INDUSTRIAL PARK E5 #01-47, HARVEST @ WOODLANDS S(757322)"
NW17310P000,The Seafood Market Place by Song Fish,SONG FISH DEALER PTE LTD,"930 YISHUN AVENUE 2 #B1-05, NORTHPOINT SHOPPING CENTRE S(769098)"
NW17421C000,SHENG SIONG SUPERMARKET,SHENG SIONG SUPERMARKET PTE LTD,"446 FAJAR ROAD #01-01, S(670446)"
NW17699N000,GREEN VENTURES,CUTECH GREEN VENTURES PTE. LTD.,"10 WOODLANDS INDUSTRIAL PARK E1, S(757733)"
NW17734V000,SHENG SIONG SUPERMARKET,SHENG SIONG SUPERMARKET PTE LTD,"4 WOODLANDS STREET 12 #02-61, S(738623)"
NW17872B000,FAIRPRICE,NTUC FAIRPRICE CO-OPERATIVE LTD,"1 NORTHPOINT DRIVE #B2-103,#B2-106,#B2-104,#B2-107,#B2-105, NORTHPOINT CITY S(768019)"
NW17908L000,FAIRPRICE,NTUC FAIRPRICE CO-OPERATIVE LTD,"676 WOODLANDS DRIVE 71 #B1-02, S(730676)"
NW17990N000,U Stars Supermarket,U STARS PTE. LTD.,"691 WOODLANDS DRIVE 73 #01-06, S(730691)"
NW18021V000,SHENG SIONG SUPERMARKET,SHENG SIONG SUPERMARKET PTE LTD,"105 CANBERRA STREET #02-05, S(750105)"
NW18091N000,FAIRPRICE,NTUC FAIRPRICE CO-OPERATIVE LTD,"29A GHIM MOH LINK #01-01, S(271029)"
NW18192E000,FAIRPRICE FINEST,NTUC FAIRPRICE CO-OPERATIVE LTD,"598 YISHUN RING ROAD #01-01, WISTERIA MALL S(768698)"
NW18310J000,TASTY FARM,SONG FISH DEALER PTE LTD,"676 WOODLANDS DRIVE 71 #01-04, S(730676)"
NW18478E000,SHENG SIONG SUPERMARKET,SHENG SIONG SUPERMARKET PTE LTD,"675 YISHUN AVENUE 4 #01-10, S(760675)"
NW18649C000,SHENG SIONG SUPERMARKET,SHENG SIONG SUPERMARKET PTE LTD,"785E WOODLANDS RISE #01-01, S(735785)"
NW18778K000,SHENG SIONG SUPERMARKET,SHENG SIONG SUPERMARKET PTE LTD,"573 WOODLANDS DRIVE 16 #02-01, S(730573)"
NW18A75V000,-,ANG MO SUPERMARKET PTE LTD,"260 ANG MO KIO STREET 21 #01-05, MULTI STOREY CAR PARK S(560260)"
NW18B29C000,ANG MO SUPERMARKET,ANG MO SUPERMARKET PTE LTD,"120 CANBERRA CRESCENT #01-10, MULTI STOREY CAR PARK S(750120)"
NW19066J000,RAJ AGRO TRADING,RAJ AGRO TRADING PTE. LTD.,"11 KRANJI CLOSE #01-17/18, S(737673)"
NW19111K000,AJMAL TRADING GROUP,AJMAL  TRADING GROUP PTE. LTD.,"11 KRANJI CLOSE #01-02/03, S(737673)"
NW19252J000,PRIME FOOD & GROCER,PRIME SUPERMARKET (1996) PTE LTD,"461 YISHUN AVENUE 6 #01-01,#01-02, MULTI STOREY CAR PARK S(760461)"
NW19637C000,YEO EXPRESS,YEO WHOLESALE AND TRADING PTE. LTD.,"443C FAJAR ROAD #01-70, FAJAR HILLS S(673443)"
S02021B000,FAIRPRICE,NTUC FAIRPRICE CO-OPERATIVE LTD,"510 BISHAN STREET 13 #01-520, S(570510)"
S02023V000,FAIRPRICE FINEST,NTUC FAIRPRICE CO-OPERATIVE LTD,"9 BISHAN PLACE #B1-20, JUNCTION 8 SHOPPING CENTRE S(579837)"
S02024X000,COLD STORAGE,COLD STORAGE SINGAPORE (1983) PTE LTD,"205 HOUGANG STREET 21 #01-133, HEARTLAND MALL- KOVAN (SUPERMARKET) S(530205)"
S02025P000,CHIN GUAN HIN MINIMART,LIM KING CHEW,"6 HOUGANG AVENUE 3 #01-82, S(530006)"
S02026N000,FAIRPRICE,NTUC FAIRPRICE CO-OPERATIVE LTD,"90 HOUGANG AVENUE 10 #B1-07, HOUGANG MALL S(538766)"
S02027L000,FAIRPRICE,NTUC FAIRPRICE CO-OPERATIVE LTD,"682 HOUGANG AVENUE 4 #01-310, S(530682)"
S02028K000,FAIRPRICE,NTUC FAIRPRICE CO-OPERATIVE LTD,"202 HOUGANG STREET 21 #01-00, S(530202)"
S02029J000,FAIRPRICE,NTUC FAIRPRICE CO-OPERATIVE LTD,"1 HOUGANG STREET 91 #02-01, HOUGANG POINT S(538692)"
S02031V000,CHOP AH TAT MINI SUPERMARKET,TAN CHUAN BOON,"309 HOUGANG AVENUE 5 #01-293, S(530309)"
S02033P000,COLD STORAGE,COLD STORAGE SINGAPORE (1983) PTE LTD,"440 PASIR RIS DRIVE 4 #01-01, S(510440)"
S02034N000,FAIRPRICE,NTUC FAIRPRICE CO-OPERATIVE LTD,"1 PASIR RIS CENTRAL STREET 3 #B1-10, S(518457)"
S02036K000,GIANT,COLD STORAGE SINGAPORE (1983) PTE LTD,"9 TAMPINES STREET 32 #01-30, S(529286)"
S02037J000,ONE SUPERMARKET,ONE SUPERMARKET PTE. LTD.,"201B TAMPINES STREET 21 #01-1091, S(522201)"
S02038E000,GIANT,COLD STORAGE SINGAPORE (1983) PTE LTD,"829 TAMPINES STREET 81 #01-284/8, S(520829)"
S02039C000,FAIRPRICE,NTUC FAIRPRICE CO-OPERATIVE LTD,"4 TAMPINES CENTRAL 5 #B1-12, TAMPINES MALL S(529510)"
S02040X000,PRIME SUPERMARKET,PRIME SUPERMARKET LIMITED,"823 TAMPINES STREET 81 #01-160, S(520823)"
S02041P000,Prime Food & Grocer,PRIME SUPERMARKET (1996) PTE LTD,"2 TAMPINES CENTRAL 5 #B1-07, CENTURY SQUARE S(529509)"
S02048B000,SHENG SIONG SUPERMARKET,SHENG SIONG SUPERMARKET PTE LTD,"739A BEDOK RESERVOIR ROAD #01-01, MULTI STOREY CAR PARK S(471739)"
S02049A000,FAIRPRICE,NTUC FAIRPRICE CO-OPERATIVE LTD,"745 BEDOK RESERVOIR ROAD #01-3015, S(470745)"
S02051L000,FAIRPRICE,NTUC FAIRPRICE CO-OPERATIVE LTD,"192 LORONG 4 TOA PAYOH #01-672, S(310192)"
S02052K000,FAIRPRICE,NTUC FAIRPRICE CO-OPERATIVE LTD,"475 TAMPINES STREET 44 #01-145, S(520475)"
S02053J000,FAIRPRICE,NTUC FAIRPRICE CO-OPERATIVE LTD,"107 TAMPINES STREET 11 #01-353/9, S(521107)"
S02054E000,FAIRPRICE,NTUC FAIRPRICE CO-OPERATIVE LTD,"11 RIVERVALE CRESCENT #03-01, RIVERVALE MALL S(545082)"
S02055C000,FAIRPRICE,NTUC FAIRPRICE CO-OPERATIVE LTD,"118 RIVERVALE DRIVE #01-08, RIVERVALE PLAZA S(540118)"
S02056B000,FAIRPRICE FINEST,NTUC FAIRPRICE CO-OPERATIVE LTD,"301 UPPER THOMSON ROAD #03-25, THOMSON PLAZA S(574408)"
S02057A000,GIANT,COLD STORAGE SINGAPORE (1983) PTE LTD,"181 LORONG 4 TOA PAYOH #01-602, S(310181)"
S02058V000,SHENG SIONG SUPERMARKET,SHENG SIONG SUPERMARKET PTE LTD,"200 UPPER THOMSON ROAD #B1-01, THOMSON IMPERIAL COURT S(574424)"
S02059X000,PRIME SUPERMARKET,PRIME SUPERMARKET (1996) PTE LTD,"106 HOUGANG AVENUE 1 #01-1213, S(530106)"
S02103A000,FAIRPRICE,NTUC FAIRPRICE CO-OPERATIVE LTD,"500 LORONG 6 TOA PAYOH, HDB HUB S(310500)"
S02127E000,PRIME SUPERMARKET,PRIME SUPERMARKET LIMITED,"108 PUNGGOL FIELD #01-02, S(820108)"
S02151E000,PRIME SUPERMARKET,PRIME SUPERMARKET LIMITED,"263 COMPASSVALE STREET #01-01, S(540263)"
S02169J000,GIANT,COLD STORAGE SINGAPORE (1983) PTE LTD,"525 ANG MO KIO AVENUE 10 #01-2401, S(560525)"
S02185J000,GIANT,COLD STORAGE SINGAPORE (1983) PTE LTD,"982 BUANGKOK CRESCENT #01-01, S(530982)"
S02204N000,GIANT,COLD STORAGE SINGAPORE (1983) PTE LTD,"260 KIM KEAT AVENUE #01-01, S(310260)"
S02210X000,GIANT EXPRESS,COLD STORAGE SINGAPORE (1983) PTE LTD,"631 BEDOK RESERVOIR ROAD #01-954, S(470631)"
S91085V000,FAIRPRICE,NTUC FAIRPRICE CO-OPERATIVE LTD,"110 LENGKONG TIGA #01-233/5, S(410110)"
S93171X000,ang mo,ANG MO SUPERMARKET PTE LTD,"642 HOUGANG AVENUE 8 #01-197, S(530642)"
S94081C000,FAIRPRICE,NTUC FAIRPRICE CO-OPERATIVE LTD,"279 BISHAN STREET 24 #01-62/64, S(570279)"
S97079B000,SHENG SIONG SUPERMARKET,SHENG SIONG SUPERMARKET PTE LTD,"4 LORONG 7 TOA PAYOH #01-107, S(310004)"
S97166P000,COLD STORAGE,COLD STORAGE SINGAPORE (1983) PTE LTD,"21 HOUGANG STREET 51 #01-52, HOUGANG GREEN SHOPPING MALL S(538719)"
S98084K000,FAIRPRICE,NTUC FAIRPRICE CO-OPERATIVE LTD,"734 PASIR RIS STREET 72 #01-37, (PASIR RIS 734 NEW MARKET) S(510734)"
SCE19004X000,MURUGAN TRADERS,MURUGAN TRADERS PTE. LTD.,"88 DESKER ROAD, S(209610)"
SCE19007L000,HAO MART,HAO MART PTE. LTD.,"13 STAMFORD ROAD #B2-13,#B2-14,#B2-15,#B2-16,#B2-17,#B2-18,#B2-19,#B2-20,#B2-21, CAPITOL PIAZZA S(178905)"
SCE19016K000,The Iron Grocer,THE IRON GROCER PTE. LTD.,"225 LAVENDER STREET, (FIRST STOREY) S(338776) (FIRST STOREY)"
SCE19018E000,The Gourmet Pantry,"American Club, The","10 CLAYMORE HILL, AMERICAN CLUB S(229573)"
SCE19020X000,Jasons Deli By Cold Storage,COLD STORAGE SINGAPORE (1983) PTE LTD,"2 ORCHARD TURN #B4-01, ION ORCHARD S(238801)"
SCE20024E000,Ryan's Grocery,RYAN'S GROCERY (GWC) PTE. LTD.,"1 KIM SENG PROMENADE #B1-144,#B1-145, GREAT WORLD CITY S(237994)"
SCE20032E000,FAIRPRICE,NTUC FAIRPRICE CO-OPERATIVE LTD,"2 SERANGOON ROAD #B1-06,#B1-07,#B1-08,#B1-09, TEKKA PLACE S(218227)"
SCE20035A000,Mmmm!,WATER TIGER TRADING PTE. LTD.,"238 THOMSON ROAD #01-79/80, NOVENA SQUARE S(307683)"
SCE20042B000,FORTUNE SUPERMARKET,FORTUNE SUPERMARKET PTE. LTD.,"233 LORONG 8 TOA PAYOH #01-260, TOA PAYOH EIGHT S(310233)"
SCE20053X000,PANDANOW,DELIVERY HERO STORES (SINGAPORE) PTE. LTD.,"265/267 OUTRAM ROAD, (265/267 OUTRAM ROAD) S(169059) (PART-OF)"
SCE20058J000,PRIME SUPERMARKET,PRIME SUPERMARKET (1996) PTE LTD,"106 BIDADARI PARK DRIVE #01-06, S(340106)"
SCE20059E000,SHENG SIONG SUPERMARKET,SHENG SIONG SUPERMARKET PTE LTD,"455 SENGKANG WEST AVENUE #01-16, S(790455)"
SCE20061X000,AIM,HAO MART PTE. LTD.,"90 BRAS BASAH ROAD #B1-13,#B1-13A,#B1-14,#B1-14A,#B1-15,#B1-15A,#B1-16,#B1-16A,#B1-17,#B1-17A, ESPLANADE MRT STATION S(189562)"
SCE20063N000,FAIRPRICE FINEST,NTUC FAIRPRICE CO-OPERATIVE LTD,"12 ALEXANDRA VIEW #01-18, ARTRA S(158736)"
SCE20072L000,Big Harvest Supermarket,BIG HARVEST SUPERMARKET PTE. LTD.,"279 BALESTIER ROAD #01-06, BALESTIER POINT S(329727)"
SCE20083E000,BOOTLE'S,BOOTLE'S PTE. LTD.,"733 HAVELOCK ROAD #01-00, S(169651) (735 & 737)"
SCE20090J000,CHOROK MARKET,CHOROK MARKET PTE. LTD.,"277 ORCHARD ROAD #B1-05, ORCHARD GATEWAY S(238858)"
SCE20097P000,FAMILY NEEDS,FAMILY NEEDS  CITYGATE PTE. LTD.,"371 BEACH ROAD #01-06,#01-07, CITY GATE S(199597)"
SCE20100P000,CHINESE INTERNATIONAL COMMODITY CITY,CHINESE INTERNATIONAL COMMODITY CITY PTE. LTD.,"1 PARK ROAD #04-63,#05-01, PEOPLE'S PARK COMPLEX S(059108)"
SCE20103K000,Meidi-Ya Supermarket,MEIDI-YA SINGAPORE CO (PTE) LTD,"9 RAFFLES BOULEVARD #02-26/36, MILLENIA WALK S(039596)"
SCE20105E000,Our Boss,OURBOSS PTE. LTD.,"19 SHELFORD ROAD #01-53, S(288408)"
SCE20118X000,-,TAM KAH SHARK'S FIN PTE. LTD.,"28 JALAN KELULUT, SELETAR HILLS ESTATE S(809045)"
SCE20119P000,Green Olive Group,GREEN OLIVE GROUP PTE. LTD.,"1 PARK ROAD #02-70, PEOPLE'S PARK COMPLEX S(059108)"
SCE21010K000,MB Supermart,MUOI MUOI TRADING,"3 ST. GEORGE'S ROAD #01-113, ST GEORGE'S WEST GARDENS S(320003)"
SCE21013C000,Atas Palate,ATAS PALATE PRIVATE LIMITED,"138 ROBINSON ROAD #03-10, OXLEY TOWER S(068906)"
SCE21019N000,JAPANHOLIC,JAPANHOLIC PTE. LTD.,"138 ROBINSON ROAD #02-36, OXLEY TOWER S(068906)"
SCE21023A000,MEATMAN,GROCER@EMPRESS PTE. LTD.,"17 JASMINE ROAD, ADELPHI PARK ESTATE S(576585) (1st Storey)"
SCE21026P000,Maturo,MATURO PTE. LTD.,"371 BEACH ROAD #B1-17, CITY GATE S(199597)"
SCE21033X000,Sol Mart,SOL MART PTE. LTD.,"10 SINARAN DRIVE #03-06,#03-07,#03-08, SQUARE 2 S(307506)"
SCE21048C000,SANKRANTI FRESH,CALIBER ESSENTIALS PTE. LTD.,"80 SYED ALWI ROAD #01-01, S(207659)"
SCE21051N000,DON DON DONKI,PAN PACIFIC RETAIL MANAGEMENT (SINGAPORE) PTE. LTD.,"3 TEMASEK BOULEVARD #02-380,#02-381,#02-382,#02-383,#02-384,#02-385,#02-386,#02-387,#02-379, SUNTEC CITY MALL S(038983)"
SE04012L000,FAIRPRICE,NTUC FAIRPRICE CO-OPERATIVE LTD,"2 JOO CHIAT ROAD #01-1139, JOO CHIAT COMPLEX S(420002)"
SE04040C000,PRIME SUPERMARKET,PRIME SUPERMARKET LIMITED,"1 UPPER ALJUNIED LANE #01-01, S(360001)"
SE04069A000,SHENG SIONG SUPERMARKET,SHENG SIONG SUPERMARKET PTE LTD,"209 NEW UPPER CHANGI ROAD #01-631, S(460209)"
SE04109X000,MCP FAIRMART,MCP FAIRMART PTE. LTD.,"89 BEDOK NORTH STREET 4 #01-107, S(460089)"
SE04130B000,FAIRPRICE,NTUC FAIRPRICE CO-OPERATIVE LTD,"41 JALAN TIGA #01-05, S(390041)"
SE05117K000,FAIRPRICE,TEO BOBBY,"253 SERANGOON CENTRAL DRIVE #01-241, S(550253)"
SE06112L000,HAO MART,HAO MART PTE. LTD.,"15 SIGLAP ROAD #01-01, MANDARIN GARDENS S(448912)"
SE06125B000,HAO MART,HAO MART PTE. LTD.,"54 BAYSHORE ROAD #01-07-08, BAYSHORE PARK S(469979)"
SE06465L000,sing hiong market bakery,TAN PAK NANG,"387 UPPER ALJUNIED ROAD, S(367872)"
SE06616X000,Hoe Kee Huat Supermarket,LIN POH LING,"212 LORONG 8 TOA PAYOH #01-43/45, S(310212)"
SE07216L000,COLD STORAGE,COLD STORAGE SINGAPORE (1983) PTE LTD,"5 STADIUM WALK #B1-01, LEISURE PARK S(397693)"
SE07559P000,FAIRPRICE,NTUC FAIRPRICE CO-OPERATIVE LTD,"65 AIRPORT BOULEVARD #B2-10, CHANGI AIRPORT TERMINAL 3 S(819663)"
SE09608P000,COLD STORAGE,COLD STORAGE SINGAPORE (1983) PTE LTD,"56 MARINE TERRACE #01-259, S(440056)"
SE09706N000,-,NTUC FAIRPRICE CO-OPERATIVE LTD,"5 EUNOS CRESCENT #01-2619, S(400005)"
SE10564B000,FAIRPRICE XTRA,NTUC FAIRPRICE CO-OPERATIVE LTD,"23 SERANGOON CENTRAL #03-42, NEX S(556083)"
SE10579K000,COLD STORAGE,COLD STORAGE SINGAPORE (1983) PTE LTD,"23 SERANGOON CENTRAL #B2-44/45, NEX S(556083)"
SE11071C000,FAIRPRICE,NTUC FAIRPRICE CO-OPERATIVE LTD,"89 BEDOK NORTH STREET 4 #01-77/79, S(460089)"
SE11136C000,I-TEC SUPERMART,I-TEC SUPERMART PTE LTD,"498/500 GEYLANG ROAD, GREEN COURT S(389456)"
SE11317V000,EN FROZEN,EN FROZEN PTE. LTD.,"1 GEYLANG SERAI #01-198, S(402001)"
SE11505P000,COLD STORAGE,COLD STORAGE SINGAPORE (1983) PTE LTD,"291 JOO CHIAT ROAD #01-01, S(427543)"
SE11577E000,FAIRPRICE,NTUC FAIRPRICE CO-OPERATIVE LTD,"612-620 GEYLANG ROAD, S(389551)"
SE11799C000,ULTRAMART,CP MANAGEMENT SERVICES PRIVATE LIMITED,"80 TANAH MERAH COAST ROAD #01-02, CHANGI LODGE 2 S(498820)"
SE11947P000,FAIRPRICE FINEST,NTUC FAIRPRICE CO-OPERATIVE LTD,"5 CHANGI BUSINESS PARK CENTRAL 1 #B1-08/11, CHANGI CITY POINT S(486038)"
SE11D22K000,Mmmm!,WATER TIGER INVESTMENTS PTE. LTD.,"5 CHANGI BUSINESS PARK CENTRAL 1 #B1-23, CHANGI CITY POINT S(486038)"
SE12D97J000,New Zealand Fresh,NEW ZEALAND FRESH PTE. LTD.,"201 TELOK KURAU ROAD #01-05, S(423910)"
SE12F88V000,SARATHI STORE,SARATHI STORES PTE. LTD.,"91 UPPER PAYA LEBAR ROAD, S(534821)"
SE12G19X000,FAIRPRICE,NTUC FAIRPRICE CO-OPERATIVE LTD,"8 CHANGI BUSINESS PARK AVENUE 1, UE BIZHUB EAST S(486018) #01-51 & #02-51"
SE13135L000,FAIRPRICE,NTUC FAIRPRICE CO-OPERATIVE LTD,"311 NEW UPPER CHANGI ROAD #B2-60, BEDOK MALL S(467360)"
SE13S71X000,FAIRPRICE,NTUC FAIRPRICE CO-OPERATIVE LTD,"57 NEW UPPER CHANGI ROAD #01-1334, S(461057)"
SE13S89V000,COLD STORAGE,COLD STORAGE SINGAPORE (1983) PTE LTD,"2 FIRST STREET #01-05-16, SIGLAP V S(458278)"
SE13U91V000,FAIRPRICE,NTUC FAIRPRICE CO-OPERATIVE LTD,"30 EAST COAST ROAD #01-06-09, VILLAGE HOTEL KATONG S(428751)"
SE14377P000,COLD STORAGE,COLD STORAGE SINGAPORE (1983) PTE LTD,"430 UPPER CHANGI ROAD #01-47, EAST VILLAGE S(487048)"
SE14441L000,SHENG SIONG SUPERMARKET,SHENG SIONG SUPERMARKET PTE LTD,"6 POTONG PASIR AVENUE 2 #01-03, POTONG PASIR COMMUNITY CLUB S(358361)"
SE14467N000,FAIRPRICE,NTUC FAIRPRICE CO-OPERATIVE LTD,"1 STADIUM PLACE #01-29, KALLANG WAVE MALL S(397628)"
SE14775X000,FAIRPRICE,NTUC FAIRPRICE CO-OPERATIVE LTD,"3 SIMEI STREET 6 #05-01, EASTPOINT MALL S(528833)"
SE14875L000,HAO MART,HAO MART PTE. LTD.,"11 TANJONG KATONG ROAD #B1-36, KINEX S(437157)"
SE14965K000,Meat Collective,MEAT COLLECTIVE SINGAPORE PRIVATE LIMITED,"342 TANJONG KATONG ROAD, S(437112)"
SE14A83A000,COLD STORAGE,COLD STORAGE SINGAPORE (1983) PTE LTD,"60 PAYA LEBAR ROAD #B1-01-05, PAYA LEBAR SQUARE S(409051)"
SE14C27C000,Zac Butchery,COMMONWEALTH CONCEPTS PTE. LTD.,"1B FIGARO STREET, OPERA ESTATE S(458322)"
SE15043B000,FOODIE MARKET PLACE,FOODIE MARKET PLACE PTE. LTD.,"313 TANJONG KATONG ROAD, S(437096)"
SE15464L000,ABEDIN MINIMART,ABEDIN TRADING PTE. LTD.,"599 GEYLANG ROAD #01-01, S(389538)"
SE16233J000,SHENG SIONG SUPERMARKET,SHENG SIONG SUPERMARKET PTE LTD,"18B CIRCUIT ROAD #01-260, MACPHERSON RESIDENCY S(372018)"
SE17082P000,FAIRPRICE,NTUC FAIRPRICE CO-OPERATIVE LTD,"18 TAI SENG STREET #B1-13, S(539775)"
SE17345J000,JSJ MINIMART,JSJ CORPORATION PTE. LTD.,"31A TANAH MERAH COAST ROAD #01-01, S(498720)"
SE17401C000,TIM'S FROZEN,"TANG KER AN, TIMOTHY","18 BEDOK SOUTH ROAD #01-67, S(460018)"
SE17481P000,FAIRPRICE,NTUC FAIRPRICE CO-OPERATIVE LTD,"10 EUNOS ROAD 8 #B1-104,#B1-103,#B1-102,#B1-105,#B1-101, SINGAPORE POST CENTRE S(408600)"
SE17500A000,HAO MART,HAO MART PTE. LTD.,"69 BEDOK SOUTH AVENUE 3 #01-484, S(460069)"
SE18184V000,HAO MART,HAO MART PTE. LTD.,"448/450 GEYLANG ROAD, S(389407)"
SE18544L000,JMD RETAIL,JMD RETAIL PTE. LTD.,"330 TANJONG KATONG ROAD, S(437106)"
SE19104A000,FAIRPRICE FINEST,NTUC FAIRPRICE CO-OPERATIVE LTD,"78 AIRPORT BOULEVARD #B2-206,#B2-205,#B2-207,#B2-208, S(819666)"
SE19557P000,The Seafood Market Place by Song Fish,SONG FISH DEALER PTE LTD,"10 PAYA LEBAR ROAD #B2-11, S(409057)"
SE19562A000,FAIRPRICE,NTUC FAIRPRICE CO-OPERATIVE LTD,"10 PAYA LEBAR ROAD #B2-09, S(409057)"
SNE19006A000,SHENG SIONG SUPERMARKET,SHENG SIONG SUPERMARKET PTE LTD,"602A TAMPINES AVENUE 9 #01-01, S(521602)"
SNE19019L000,PRIME SUPERMARKET,PRIME SUPERMARKET (1996) PTE LTD,"322 SUMANG WALK #01-07, MULTI STOREY CAR PARK S(820322)"
SNE20031P000,U Stars Supermarket,U STARS SUPERMARKET PTE. LTD.,"829 TAMPINES STREET 81 #01-272,#01-274,#01-276,#01-278, TAMPINES GROVE S(520829)"
SNE20033L000,DANISHA TRADING,DANISHA TRADING PTE. LTD.,"476 UPPER SERANGOON VIEW #02-14, HOUGANG CAPEVIEW S(530476)"
SNE20045C000,The Foodcellar,CLEMENTS FOODCELLAR PTE. LTD.,"39 LOWLAND ROAD, LOWLAND GARDEN S(547441)"
SNE20089B000,Our Boss,OURBOSS PTE. LTD.,"625 ELIAS ROAD #01-330, ELIAS MALL S(510625)"
SNE20114L000,REDMAN BY PHOON HUAT,PHOON HUAT PTE. LTD.,"1 PASIR RIS CLOSE #01-101, E!HUB@DOWNTOWN EAST S(519599)"
SNE20115K000,PandaMart,DELIVERY HERO STORES (SINGAPORE) PTE. LTD.,"756 UPPER SERANGOON ROAD #01-09,#01-10,#01-11,#01-12,#01-13,#01-14, UPPER SERANGOON SHOPPING CENTRE S(534626)"
SNE20117E000,PandaMart,DELIVERY HERO STORES (SINGAPORE) PTE. LTD.,"500 NEW PUNGGOL ROAD #01-03,#01-04,#01-05, THE PUNGGOL SETTLEMENT S(828617)"
SNE21004N000,JO MARKET,JO MARKET,"505 TAMPINES CENTRAL 1 #01-333,#01-335, S(520505)"
SNE21016E000,DON DON DONKI,PAN PACIFIC RETAIL MANAGEMENT (SINGAPORE) PTE. LTD.,"1 PASIR RIS CLOSE #01-339,#01-347, E!HUB@DOWNTOWN EAST S(519599)"
SNE21038P000,Ace Dynamic,ACE DYNAMIC HOLDINGS PTE. LTD.,"151 LORONG CHUAN #01-22, NEW TECH PARK S(556741)"
SNE21044V000,PRIME SUPERMARKET,PRIME SUPERMARKET (1996) PTE LTD,"610 TAMPINES NORTH DRIVE 1 #01-11, S(520610)"
SNE21047N000,Cut Butchery,CAVENDISH SUPPLIES PTE. LTD.,"1 MAJU AVENUE #B1-06, MYVILLAGE AT SERANGOON GARDEN S(556679)"
SNE21057K000,Toko Warisan Halal Frozen,TOKO WARISAN TRADING,"201D TAMPINES STREET 21 #01-1159, S(524201)"
SNW19005L000,SHENG SIONG SUPERMARKET,SHENG SIONG SUPERMARKET PTE LTD,"182 WOODLANDS STREET 13 #01-01, MULTI STOREY CAR PARK S(730182)"
SNW19010X000,PRIME SUPERMARKET,PRIME SUPERMARKET (1996) PTE LTD,"365 SEMBAWANG CRESCENT #01-01, S(750365)"
SNW19021L000,SHENG SIONG SUPERMARKET,SHENG SIONG SUPERMARKET PTE LTD,"202 MARSILING DRIVE #01-138,#01-150, S(730202)"
SNW20023C000,ANY MO SUPERMARKET,ANG MO SUPERMARKET PTE LTD,"361 SEMBAWANG CRESCENT #01-10, MULTI STOREY CAR PARK S(750361)"
SNW20026V000,SHENG SIONG SUPERMARKET,SHENG SIONG SUPERMARKET PTE LTD,"6 MANDAI LINK, CMM Marketing Management Pte Ltd S(728652)"
SNW20038L000,ANG MO SUPERMARKET,ANG MO SUPERMARKET PTE LTD,"693 WOODLANDS AVENUE 6 #01-01, MULTI STOREY CAR PARK S(730693)"
SNW20050V000,FAIRPRICE,NTUC FAIRPRICE CO-OPERATIVE LTD,"133 CANBERRA VIEW #B1-03,#B1-04, S(750133)"
SNW20055K000,The Seafood Market Place by Song Fish,SONG FISH DEALER PTE LTD,"1 JELEBU ROAD #01-32, BUKIT PANJANG PLAZA S(677743)"
SNW20062L000,REDMAN BY PHOON HUAT,PHOON HUAT PTE. LTD.,"1 JELEBU ROAD #01-33/34, BUKIT PANJANG PLAZA S(677743)"
SNW20069V000,Meat United,MEAT UNITED PRIVATE LIMITED,"896 DUNEARN ROAD #01-08, LINK@896 S(589472)"
SNW20076A000,Neue Mart,NM EK PTE. LTD.,"19 ENG KONG TERRACE, ENG KONG PARK S(598991)"
SNW20086X000,THYME TO MEAT,THYME TO MEAT PRIVATE LIMITED,"27 ENG KONG TERRACE, ENG KONG PARK (1st Storey) S(598999)"
SNW20106A000,CHENNAI TRADING & SUPERMART,CHENNAI TRADING & SUPERMART PTE. LTD.,"100 SEMBAWANG DRIVE #01-15, COCHRANE RECREATION CENTRE S(756998)"
SNW20113B000,NAWAS GLOBAL,NAWAS GLOBAL PTE. LTD.,"18A KRANJI WAY #01-03, KRANJI WAY DORMITORY S(739443)"
SNW21002E000,PHOON HUAT,PHOON HUAT PTE. LTD.,"51 YISHUN CENTRAL 1 #01-03, YISHUN 10 CINEMA COMPLEX S(768794)"
SNW21008P000,Maison Marie,MAISON MARIE PTE. LTD.,"384 UPPER BUKIT TIMAH ROAD, S(678042) (Half Unit 382)"
SNW21020B000,KARAIKUDI MINIMART,SRI IDAIYANKALI PTE. LTD.,"180 WOODLANDS INDUSTRIAL PARK E5 #01-03, WOODLANDS AUTO HUB S(757512)"
SSE19017X000,7mall shop,7MALL.SHOP PTE. LTD.,"447 CHANGI ROAD, S(419875)"
SSE20034L000,BNM TRADING,BNM TRADING PTE. LTD.,"269 JOO CHIAT ROAD, S(427523)"
SSE20037E000,al forno,AL FORNO (EAST COAST) PTE LTD,"693 EAST COAST ROAD, FRANKEL ESTATE S(459058)"
SSE20041N000,Ever+,Sun Rui,"184 EAST COAST ROAD #01-, S(428890)"
SSE20077L000,GrabMart - Southeast,KITCHEN BY GRABFOOD (SINGAPORE) PTE. LTD.,"160 CHANGI ROAD #01-10, HEXACUBE S(419728)"
SSE20087J000,Our Boss,OURBOSS PTE. LTD.,"28 FERNWOOD TERRACE #01-01, S(458556)"
SSE20099A000,Bowl & Bowl,BOWLICIOUS PTE. LTD.,"3 IRVING ROAD #01-19, TAI SENG CENTRE S(369522)"
SSE21003X000,MR FARMER,MR FARMER,"2 JALAN LOKAM #01-47, KENSINGTON SQUARE S(537846)"
SSE21005N000,FAIRPRICE HYPERMART,NTUC FAIRPRICE CO-OPERATIVE LTD,"80 MARINE PARADE ROAD #03-28, PARKWAY PARADE S(449269)"
SSE21015K000,The Alaska Guys,THE ALASKA GUYS PTE. LTD.,"32 SIGLAP DRIVE, FRANKEL ESTATE S(456157) (1st storey)"
SSE21017E000,LITTLE FARMS,LITTLE FARMS PTE. LTD.,"451 JOO CHIAT ROAD #01-01,#01-03, KATONG POINT S(427664)"
SSE21022L000,BLOOPBLOOP MARKET,BLOOPBLOOP MARKET LLP,"26A CHAI CHEE ROAD #01-399, S(461026) PART OF LEFT"
SSE21027B000,JINJI FRESH MART,JINJI FRESH MART PTE. LTD.,"676 GEYLANG ROAD, S(389603) (1ST STOREY)"
SSE21053V000,Baggie's Deli,BAGGIE'S PTE. LTD.,"236 JOO CHIAT ROAD, S(427493) Level 1"
SSE21054X000,Aunty's Supermart Trading,AUNTY'S SUPERMART TRADING PTE. LTD.,"58 MARINE TERRACE #01-67, MARINE TERRACE HAVEN S(440058)"
SSW19008P000,S Power Supermart,S POWER GLOBAL PTE. LTD.,"18 SUNGEI KADUT STREET 2 #01-05, SUNGEI KADUT INDUSTRIAL ESTATE S(729236)"
SSW19009N000,SVS DISTRIBUTION (Level 1),SVS DISTRIBUTION PTE. LTD.,"129 TUAS VIEW SQUARE, WESTLINK TECHPARK S(637741)"
SSW19022V000,DON DON DONKI,PAN PACIFIC RETAIL MANAGEMENT (SINGAPORE) PTE. LTD.,"50 JURONG GATEWAY ROAD #2-24,#2-25,#2-26,#3-27, JEM S(608549)"
SSW20065P000,FAIRPRICE FINEST,NTUC FAIRPRICE CO-OPERATIVE LTD,"4 BUKIT BATOK STREET 41 #01-91,#01-92, LE QUEST S(657991)"
SSW20070A000,REDMAN BY PHOON HUAT,PHOON HUAT PTE. LTD.,"3 GATEWAY DRIVE #B1-23, WESTGATE S(608532)"
SSW20071V000,DON DON DONKI,PAN PACIFIC RETAIL MANAGEMENT (SINGAPORE) PTE. LTD.,"1 MARITIME SQUARE #03-23/38, HARBOURFRONT CENTRE S(099253)"
SSW20073P000,Frozen Bagus,"TANG KER AN, TIMOTHY","352 CLEMENTI AVENUE 2 #01-137, CLEMENTI AVENUE 2 SHOPPING CENTRE S(120352)"
SSW20085J000,the seafood place by chai,CHAI SEAFOOD,"148F PASIR PANJANG ROAD, S(118553)"
SSW20088B000,123 MART,123 MART PTE. LTD.,"354 CLEMENTI AVENUE 2 #01-233, CLEMENTI AVENUE 2 SHOPPING CENTRE S(120354)"
SSW21007E000,HAO MART,HAO MART PTE. LTD.,"4 JALAN MAT JAMBOL #B1-01/11, BIJOU S(119555)"
SSW21021K000,KARAIKUDI MINIMART,SRI SEVUGA PERUMAL PTE. LTD.,"48 TOH GUAN ROAD EAST #01-98, ENTERPRISE HUB S(608586)"
SSW21031E000,GGM MINIMART,GOWRI'S GLOBAL MARKETING PTE. LTD.,"1A TUAS AVENUE 2 #01-03, S(639467)"
SSW21037P000,FAIRPRICE,NTUC FAIRPRICE CO-OPERATIVE LTD,"533 CHOA CHU KANG STREET 51 #01-01, LIMBANG SHOPPING CENTRE S(680533)"
SW04097K000,PRIME SUPERMARKET,PRIME SUPERMARKET LIMITED,"159 BUKIT BATOK STREET 11 #01-178, S(650159)"
SW04158X000,FAIRPRICE,NTUC FAIRPRICE CO-OPERATIVE LTD,"108 DEPOT ROAD #01-01, DEPOT HEIGHTS SHOPPING CENTRE S(100108)"
SW05008N000,GIANT,COLD STORAGE SINGAPORE (1983) PTE LTD,"638 JURONG WEST STREET 61 #03-01, PIONEER MALL S(640638)"
SW05051J000,SHENG SIONG SUPERMARKET,SHENG SIONG SUPERMARKET PTE LTD,"720 CLEMENTI WEST STREET 2 #01-144, S(120720)"
SW06002X000,TOH GUAN MINIMART,TOH GUAN MINI MART PTE. LTD.,"19 TOH GUAN ROAD EAST #01-65, S(608568)"
SW06322N000,-,Oh Beng Guan,"395A BUKIT BATOK WEST AVENUE 5 #03-10, MULTI STOREY CAR PARK S(651395)"
SW06590A000,FAIRPRICE XTRA,NTUC FAIRPRICE CO-OPERATIVE LTD,"1 HARBOURFRONT WALK #01-23,#B1-23, VIVOCITY S(098585)"
SW06806E000,LOTTE KOREAN MART,LOTTE MART PTE. LTD.,"17 LORONG KILAT #01-02, KILAT COURT S(598139)"
SW07070J000,GIANT,COLD STORAGE SINGAPORE (1983) PTE LTD,"284 BUKIT BATOK EAST AVENUE 3 #01-251, S(650284)"
SW07209E000,SHENG SIONG SUPERMARKET,SHENG SIONG SUPERMARKET PTE LTD,"7 JURONG WEST AVENUE 5, S(649486)"
SW07331C000,SHENG SIONG SUPERMARKET,SHENG SIONG SUPERMARKET PTE LTD,"352 CLEMENTI AVENUE 2 #01-91&99, S(120352)"
SW07481A000,FAIRPRICE,NTUC FAIRPRICE CO-OPERATIVE LTD,"28 DOVER CRESCENT #01-83, MULTI STOREY CAR PARK S(130028)"
SW07E27X000,KINGSMART,KINGSMART PTE. LTD.,"30 30 PENJURU PLACE, 01-07, S(608557)"
SW08807K000,COLD STORAGE,COLD STORAGE SINGAPORE (1983) PTE LTD,"154 WEST COAST ROAD, WEST COAST PLAZA S(127371) #B1-19"
SW08821N000,FAIRPRICE,NTUC FAIRPRICE CO-OPERATIVE LTD,"140 TECK WHYE LANE #01-351, S(680140)"
SW08907C000,GOWRIS GLOBAL MARKETING,GOWRI'S GLOBAL MARKETING PTE. LTD.,"555 UPPER JURONG ROAD #01-02, S(638368)"
SW08A55C000,CHD @ SOON LEE,CHD @ SOON LEE PTE. LTD.,"51 SOON LEE ROAD #01-51A, S(628088)"
SW08A59X000,FAIRPRICE,NTUC FAIRPRICE CO-OPERATIVE LTD,"63 JURONG WEST CENTRAL 3, JURONG POINT SHOPPING CENTRE S(648331) #03-01"
SW09032C000,FAIRPRICE,NTUC FAIRPRICE CO-OPERATIVE LTD,"21 CHOA CHU KANG NORTH 6 #B1-01-07, YEW TEE POINT S(689578)"
SW09133X000,LOCH GROCER,LOCH GROCER PTE. LTD.,"503 JURONG WEST AVENUE 1 #01-847, S(640503)"
SW09285K000,FAIRPRICE FINEST,NTUC FAIRPRICE CO-OPERATIVE LTD,"61 CHOA CHU KANG DRIVE #01-01, YEW TEE MRT STATION S(689715)"
SW09288C000,SADIA SUPERMARKET & TRADING,SADIA SUPERMARKET & TRADING (S) PTE. LTD.,"14 TECH PARK CRESCENT #01-02, S(638118)"
SW09426V000,phang nee,PHANG NEE ENTERPRISE PTE. LTD.,"2D JALAN PAPAN #01-04, S(619415)"
SW09752V000,-,LAMIAH ENTERPRISE PTE. LTD.,"5 TECH PARK CRESCENT #01-02, S(638127)"
SW10780J000,SHARBESUWARY EXPRESS MART,SHARBESUWARY PTE. LTD.,"32 TUAS VIEW SQUARE #01-02, S(637778)"
SW10A16E000,FAIRPRICE FINEST,NTUC FAIRPRICE CO-OPERATIVE LTD,"3155 COMMONWEALTH AVENUE WEST, THE CLEMENTI MALL S(129588) #B1-12/13/14"
SW11146X000,YS LOGISTICS (S),YS LOGISTICS (S) PTE. LTD.,"15 JALAN TEPONG #03-02, JURONG FOOD HUB S(619336) (PART OF - LEFT SUB-UNIT),"
SW11423N000,SHENG SIONG SUPERMARKET,SHENG SIONG SUPERMARKET PTE LTD,"18 TECK WHYE LANE #01-95, S(680018)"
SW11452C000,FAIRPRICE,NTUC FAIRPRICE CO-OPERATIVE LTD,"78A TELOK BLANGAH STREET 32 #01-01, MULTI STOREY CAR PARK S(101078)"
SW11512N000,KOLEE SUPERMARKETS,KEK HONG HENG,"23 PENJURU WALK #03-81, CASSIA@PENJURU S(608537)"
SW11A26P000,FAIRPRICE,NTUC FAIRPRICE CO-OPERATIVE LTD,"460 ALEXANDRA ROAD, MTOWER S(119963) #01-09 & #01-16"
SW12C98J000,DON DON DONKI,PAN PACIFIC RETAIL MANAGEMENT (SINGAPORE) PTE. LTD.,"2 JURONG EAST CENTRAL 1 #B1-12, JCUBE S(609731)"
SW12F58E000,FAIRPRICE,NTUC FAIRPRICE CO-OPERATIVE LTD,"352 CLEMENTI AVENUE 2 #01-141, CLEMENTI AVENUE 2 SHOPPING CENTRE S(120352)"
SW12G70J000,COLD STORAGE,COLD STORAGE SINGAPORE (1983) PTE LTD,"101 CLEMENTI ROAD #01-01, KENT VALE ESTATE, NUS S(129787)"
SW12G71E000,COLD STORAGE,COLD STORAGE SINGAPORE (1983) PTE LTD,"1 COVE AVENUE, SENTOSA COVE ARRIVAL PLAZA S(098537) #02-07/08/09/10"
SW12H20A000,FAIRPRICE,NTUC FAIRPRICE CO-OPERATIVE LTD,"498 JURONG WEST STREET 41, #01-434/436/438 S(640498) #01-434/436/438"
SW12J94X000,J MART,TANESEI TRADING PTE. LTD.,"1 VISTA EXCHANGE GREEN #B1-28, THE STAR VISTA S(138617)"
SW12J97L000,COLD STORAGE,COLD STORAGE SINGAPORE (1983) PTE LTD,"1 VISTA EXCHANGE GREEN, THE STAR VISTA S(138617) #B1-35/36 AND 02"
SW12L48X000,AJMAL TRADE MART,AJMAL TRADE MART PTE. LTD.,"12 KRANJI ROAD, KRANJI LODGE ONE S(739522) 1ST STOREY"
SW12M64L000,SHENG SIONG SUPERMARKET,SHENG SIONG SUPERMARKET PTE LTD,"25 GHIM MOH LINK #01-11, S(270025)"
SW12M67E000,SHENG SIONG SUPERMARKET,SHENG SIONG SUPERMARKET PTE LTD,"420A CLEMENTI AVENUE 1 #01-01, S(121420)"
SW12N25V000,COLD STORAGE,COLD STORAGE SINGAPORE (1983) PTE LTD,"31 OCEAN WAY #01-26/27, QUAYSIDE ISLE, SENTOSA S(098375)"
SW12O05A000,FAIRPRICE,NTUC FAIRPRICE CO-OPERATIVE LTD,"502 WEST COAST DRIVE #01-41, S(120502)"
SW13245V000,FAIRPRICE,NTUC FAIRPRICE CO-OPERATIVE LTD,"1 LOWER KENT RIDGE ROAD #02-16, ONE@KENTRIDGE S(119082)"
SW13Q24X000,FAIRPRICE,NTUC FAIRPRICE CO-OPERATIVE LTD,"280 BUKIT BATOK EAST AVENUE 3 #01-315, S(650280)"
SW13T12J000,FAIRPRICE XTRA,NTUC FAIRPRICE CO-OPERATIVE LTD,"50 JURONG GATEWAY ROAD #B1-21/22, JEM S(608549)"
SW13W88P000,HAO MART,HAO MART PTE. LTD.,"3 GATEWAY DRIVE #B2-01, WESTGATE S(608532)"
SW14017K000,SHAFEN SUPERMARKET & TRADING,SHAFEN SUPERMARKET & TRADING (S) PTE. LTD.,"18 TOH GUAN ROAD EAST #02-02, BLK 28, WESTLITE DORMITORY (TOH GUAN) S(608596)"
SW14484J000,SRI MURUGAN TRADING,SRI MURUGAN TRADING PTE. LTD.,"48 TOH GUAN ROAD EAST #01-130, ENTERPRISE HUB S(608586)"
SW14542A000,HILLVIEW MARKET PLACE,COLD STORAGE SINGAPORE (1983) PTE LTD,"4 HILLVIEW RISE #02-07, HILLV2 S(667979)"
SW14633X000,FAIRPRICE,NTUC FAIRPRICE CO-OPERATIVE LTD,"2 BUKIT BATOK WEST AVENUE 7 #01-10, HomeTeamNS BUKIT BATOK CLUBHOUSE S(659003)"
SW14718K000,AJMAL SUPERMART,AJMAL SUPER MART PTE. LTD.,"70 TUAS SOUTH AVENUE 1 #01-40, TUAS VIEW DORMITORY S(637285)"
SW14824J000,shinva agro foods,SHINVA AGRO FOODS PTE. LTD.,"11 TECH PARK CRESCENT #01-03, S(638121)"
SW14951X000,WAREHOUSE CLUB,NTUC FAIRPRICE CO-OPERATIVE LTD,"1 JOO KOON CIRCLE #03-21, FAIRPRICE HUB S(629117)"
SW14A33P000,VINAYAK TRADERS,VINAYAK TRADERS PTE. LTD.,"27 PENJURU WALK #01-08/09, PENJURU RECREATION CENTRE S(608538)"
SW14A98C000,Gurus Supermarket,GURU'S MARKETING PTE. LTD.,"27 PENJURU WALK #01-15, PENJURU RECREATION CENTRE S(608538)"
SW15051V000,archana,ARCHANA PROVISION STORES PTE. LTD.,"27 PENJURU WALK #01-06/07, PENJURU RECREATION CENTRE S(608538)"
SW15681P000,NSP SUPER MART,NPS IMPEX PTE. LTD.,"21 TUAS VIEW SQUARE, (PART OF) S(637640) (PART OF)"
SW15796X000,FAIRPRICE,NTUC FAIRPRICE CO-OPERATIVE LTD,"533 CHOA CHU KANG STREET 51 #01-11, LIMBANG SHOPPING CENTRE (HDB) S(680533)"
SW15968N000,FAIRPRICE,NTUC FAIRPRICE CO-OPERATIVE LTD,"37 TEBAN GARDENS ROAD, #01-304/305/306 S(600037) #01-304/305/306"
W74072X000,GIANT,COLD STORAGE SINGAPORE (1983) PTE LTD,"8 TELOK BLANGAH CRESCENT #01-171, S(090008)"
SW15D03B000,PRIME SUPERMARKET,PRIME SUPERMARKET (1996) PTE LTD,"50 NANYANG AVENUE #NS3-01-27,#NS3-01-28,#NS3-01-26, NORTH SPINE , NTU S(639798)"
SW16126J000,TUAS SOUTH MINIMART,TUAS SOUTH MINIMART PTE. LTD.,"6 TUAS SOUTH STREET 15 #01-102,#01-109,#01-110,#01-111, CDPL (TUAS) DORMITORY S(636906)"
SW16224E000,NAWAS GLOBAL,NAWAS GLOBAL PTE. LTD.,"3 TUAS SOUTH STREET 12 #01-16, TUAS SOUTH DORMITORY S(636947)"
SW16735N000,-,GURU'S MARKETING PTE. LTD.,"1 JALAN PAPAN #01-32,#01-31, S(619392)"
SW16814X000,VINAYAK TRADERS,VINAYAK TRADERS PTE. LTD.,"1 JALAN PAPAN #01-33,#01-34, S(619392)"
SW16815P000,-,PHAN NEE INVESTMENTS (S) PTE. LTD.,"500 OLD CHOA CHU KANG ROAD #01-02, S(698928)"
SW16901A000,SADIA SUPERMARKET & TRADING,SADIA SUPERMARKET & TRADING (S) PTE. LTD.,"12 TUAS SOUTH STREET 13 #01-20/21, S(636937)"
SW16921N000,CHENNAI TRADING & SUPERMARKET,CHENNAI TRADING & SUPERMART PTE. LTD.,"1 JALAN PAPAN #01-35,#01-36, S(619392)"
SW16942C000,POPULAR SUPERMARKET,POPULAR SUPERMARKET PTE. LTD.,"12 TUAS SOUTH STREET 13 #01-18/19, S(636937)"
SW16B52K000,AJMAL TRADING GROUP,AJMAL  TRADING GROUP PTE. LTD.,"5 JALAN PAPAN #01-32, ASPRI-WESTLITE PAPAN S(619396)"
SW16D52V000,U Stars Supermarket,U STARS PTE. LTD.,"810 CHOA CHU KANG AVENUE 7 #01-01, MULTI STOREY CAR PARK S(680810)"
SW16D83E000,FAIRPRICE SHOP,NTUC FAIRPRICE CO-OPERATIVE LTD,"249 JURONG EAST STREET 24 #01-106, S(600249)"
SW16E98J000,PHANNEE SUPERMART,PHAN NEE INVESTMENTS (S) PTE. LTD.,"500 OLD CHOA CHU KANG ROAD #01-21, S(698924)"
SW16H70N000,MALAR MARKETING,MALAR MARKETING PTE. LTD.,"69 TUAS SOUTH AVENUE 1 #01-02, SEATOWN INDUSTRIAL CENTRE S(637589)"
SW17592A000,The Seafood Market Place by Song Fish,SONG FISH DEALER PTE LTD,"50 JURONG GATEWAY ROAD #B1-43,#B1-44, JEM S(608549)"
SW17728C000,U STARS MEGAMART,U STARS PTE. LTD.,"817 KEAT HONG LINK #01-14, MULTI STOREY CAR PARK S(680817)"
SW17E56V000,COLD STORAGE,COLD STORAGE SINGAPORE (1983) PTE LTD,"1 FUSIONOPOLIS WAY #B2-03, CONNEXIS S(138632)"
SW18581V000,THE QUALITYMART DEPOT,THE QUALITYMART DEPOT PTE. LTD.,"180 DEPOT ROAD #01-04, INTERLACE, THE S(109684)"
SW18715E000,SEOUL BUTCHERY,SEOUL BUTCHERY PTE. LTD.,"13 YUK TONG AVENUE, CHUN TIN COURT S(596318)"
SW18A30L000,SHENG SIONG SUPERMARKET,SHENG SIONG SUPERMARKET PTE LTD,"440 BUKIT BATOK WEST AVENUE 8 #01-10, MULTI STOREY CAR PARK S(650440)"
SW18A40J000,GIANT EXPRESS,COLD STORAGE SINGAPORE (1983) PTE LTD,"35 STUDENTS WALK, NTU CANTEEN 2 S(639548)"
SW18B79P000,-,MURUGAN TRADERS PTE. LTD.,"9 TRACTOR ROAD, S(627970)"
SW18F69X000,SHENG SIONG SUPERMARKET,SHENG SIONG SUPERMARKET PTE LTD,"451 BUKIT BATOK WEST AVENUE 6 #01-10, MULTI STOREY CAR PARK S(650451)"
SW19707V000,BALU SUPERMARKET,BALU SUPER MARKET PTE. LTD.,"14 TUAS AVENUE 1 #01-01, JTC SPACE @ TUAS S(639499)"
SW19869J000,SHENG SIONG SUPERMARKET,SHENG SIONG SUPERMARKET PTE LTD,"292 BUKIT BATOK EAST AVENUE 6 #01-02, MULTI STOREY CAR PARK S(650292)"
SW19934B000,The Seafood Market Place by Song Fish,SONG FISH DEALER PTE LTD,"1 HARBOURFRONT WALK #B2-23A, VIVO CITY S(098585)"
SW19A15B000,NIHI MINI MART,NIHI PTE. LTD.,"8 TECH PARK CRESCENT #01-00, S(638124)"
SW19G50C000,LAMIAH MINIMART,LAMIAH ENTERPRISE PTE. LTD.,"40 TUAS VIEW SQUARE #01-03, LANDBASE INDUSTRIAL BUILDING S(637779)"
W02065N000,COLD STORAGE,COLD STORAGE SINGAPORE (1983) PTE LTD,"101 THOMSON ROAD #B1-52, UNITED SQUARE S(307591)"
W02066L000,COLD STORAGE,COLD STORAGE SINGAPORE (1983) PTE LTD,"211 HOLLAND AVENUE #01-05, HOLLAND ROAD SHOPPING CENTRE S(278967)"
W02068J000,COLD STORAGE,COLD STORAGE SINGAPORE (1983) PTE LTD,"1 KIM SENG PROMENADE #B1-139,#B1-140,#B1-141, GREAT WORLD CITY S(237994)"
W02070V000,COLD STORAGE,COLD STORAGE SINGAPORE (1983) PTE LTD,"290 ORCHARD ROAD #B1-14/15, THE PARAGON S(238859)"
W02071X000,COLD STORAGE,COLD STORAGE SINGAPORE (1983) PTE LTD,"391A ORCHARD ROAD #B2-01, NGEE ANN CITY TOWER A S(238873)"
W02072P000,FAIRPRICE,NTUC FAIRPRICE CO-OPERATIVE LTD,"302 TIONG BAHRU ROAD #B1-01, TIONG BAHRU PLAZA S(168732)"
W02073N000,COLD STORAGE,COLD STORAGE SINGAPORE (1983) PTE LTD,"163 TANGLIN ROAD #B1-02/03, TANGLIN MALL S(247933)"
W02074L000,COLD STORAGE,COLD STORAGE SINGAPORE (1983) PTE LTD,"238 THOMSON ROAD #01-27,#01-28,#01-29,#01-30,#01-82,#01-83, NOVENA SQUARE S(307683)"
W02075K000,COLD STORAGE,COLD STORAGE SINGAPORE (1983) PTE LTD,"230 VICTORIA STREET #B1-16, BUGIS JUNCTION S(188024)"
W02076J000,fish supplier,HONG HENG SENG,"5 BANDA STREET #03-92, S(050005)"
W02078C000,ISETAN,ISETAN (SINGAPORE) LIMITED,"350 ORCHARD ROAD #B1-00, SHAW HOUSE S(238868)"
W02080P000,Market Place,COLD STORAGE SINGAPORE (1983) PTE LTD,"252 NORTH BRIDGE ROAD #B1-01, RAFFLES CITY SHOPPING CENTRE S(179103)"
W02081N000,thai supermarket,Loh Nyen Yiu,"5001 BEACH ROAD #02-64, GOLDEN MILE COMPLEX S(199588)"
W02083K000,FAIRPRICE,NTUC FAIRPRICE CO-OPERATIVE LTD,"166 BUKIT MERAH CENTRAL #01-3527, BUKIT MERAH AREA OFFICE S(150166) 02-3531"
W02086C000,FAIRPRICE,NTUC FAIRPRICE CO-OPERATIVE LTD,"50 HAVELOCK ROAD #01-755, S(160050)"
W02088A000,COLD STORAGE,COLD STORAGE SINGAPORE (1983) PTE LTD,"68 ORCHARD ROAD #B2-15/16, PLAZA SINGAPURA S(238839)"
W02092J000,FAIRPRICE,NTUC FAIRPRICE CO-OPERATIVE LTD,"5 TANJONG PAGAR PLAZA #01-01, S(081005)"
W02096A000,COLD STORAGE,COLD STORAGE SINGAPORE (1983) PTE LTD,"81 CLEMENCEAU AVENUE #02-18, S(239917)"
W02100V000,-,NG CHAI SENG,"109 BUKIT PURMEI ROAD #01-155, S(090109)"
W02140C000,HAO MART,HAO MART PTE. LTD.,"200 TURF CLUB ROAD #01-01, THE GRANDSTAND S(287994)"
W02239E000,FAIRPRICE,NTUC FAIRPRICE CO-OPERATIVE LTD,"131 KILLINEY ROAD #01-01,02, ORCHARD GRAND COURT S(239571)"
W02332N000,SHENG SIONG SUPERMARKET,SHENG SIONG SUPERMARKET PTE LTD,"52 CHIN SWEE ROAD #01-25, S(160052)"
W02430L000,THE FISHWIVES,THE FISHWIVES PTE. LTD.,"501 BUKIT TIMAH ROAD #01-05B, CLUNY COURT S(259760) (PART OF)"
W03142N000,Mustafa Singapore,MUSTAFA HOLDINGS PTE LTD,"147 SYED ALWI ROAD, S(207706)"
W70029L000,FAIRPRICE,NTUC FAIRPRICE CO-OPERATIVE LTD,"170 STIRLING ROAD #01-1147, S(140170)"
W72014K000,GIANT,COLD STORAGE SINGAPORE (1983) PTE LTD,"86 REDHILL CLOSE #01-610, S(150086)"
W89166E000,COLD STORAGE,COLD STORAGE SINGAPORE (1983) PTE LTD,"176 ORCHARD ROAD #B1-09/11, CENTREPOINT SHOPPING COMPLEX S(238843)"
W90084A000,FAIRPRICE,NTUC FAIRPRICE CO-OPERATIVE LTD,"133 NEW BRIDGE ROAD #B1-01, CHINATOWN POINT S(059413)"
